CREATE DATABASE  IF NOT EXISTS `communicator_dev` /*!40100 DEFAULT CHARACTER SET utf8 */;
USE `communicator_dev`;
-- MySQL dump 10.13  Distrib 5.7.17, for Win64 (x86_64)
--
-- Host: localhost    Database: communicator_dev
-- ------------------------------------------------------
-- Server version	5.7.19-log

/*!40101 SET @OLD_CHARACTER_SET_CLIENT=@@CHARACTER_SET_CLIENT */;
/*!40101 SET @OLD_CHARACTER_SET_RESULTS=@@CHARACTER_SET_RESULTS */;
/*!40101 SET @OLD_COLLATION_CONNECTION=@@COLLATION_CONNECTION */;
/*!40101 SET NAMES utf8 */;
/*!40103 SET @OLD_TIME_ZONE=@@TIME_ZONE */;
/*!40103 SET TIME_ZONE='+00:00' */;
/*!40014 SET @OLD_UNIQUE_CHECKS=@@UNIQUE_CHECKS, UNIQUE_CHECKS=0 */;
/*!40014 SET @OLD_FOREIGN_KEY_CHECKS=@@FOREIGN_KEY_CHECKS, FOREIGN_KEY_CHECKS=0 */;
/*!40101 SET @OLD_SQL_MODE=@@SQL_MODE, SQL_MODE='NO_AUTO_VALUE_ON_ZERO' */;
/*!40111 SET @OLD_SQL_NOTES=@@SQL_NOTES, SQL_NOTES=0 */;

--
-- Table structure for table `departments`
--

DROP TABLE IF EXISTS `departments`;
/*!40101 SET @saved_cs_client     = @@character_set_client */;
/*!40101 SET character_set_client = utf8 */;
CREATE TABLE `departments` (
  `id_department` int(11) NOT NULL,
  `name` varchar(45) DEFAULT NULL,
  PRIMARY KEY (`id_department`)
) ENGINE=InnoDB DEFAULT CHARSET=latin1;
/*!40101 SET character_set_client = @saved_cs_client */;

--
-- Dumping data for table `departments`
--

LOCK TABLES `departments` WRITE;
/*!40000 ALTER TABLE `departments` DISABLE KEYS */;
INSERT INTO `departments` VALUES (1,'odzial1'),(2,'odzial2'),(3,'odzial3'),(4,'odzial4');
/*!40000 ALTER TABLE `departments` ENABLE KEYS */;
UNLOCK TABLES;

--
-- Table structure for table `dept_emp`
--

DROP TABLE IF EXISTS `dept_emp`;
/*!40101 SET @saved_cs_client     = @@character_set_client */;
/*!40101 SET character_set_client = utf8 */;
CREATE TABLE `dept_emp` (
  `id_department` int(11) NOT NULL,
  `id_employee` int(11) NOT NULL,
  KEY `fk_Dept_Emp_1_idx` (`id_department`),
  KEY `fk_Dept_Emp_2_idx` (`id_employee`),
  CONSTRAINT `fk_Dept_Emp_1` FOREIGN KEY (`id_department`) REFERENCES `departments` (`id_department`) ON DELETE NO ACTION ON UPDATE NO ACTION,
  CONSTRAINT `fk_Dept_Emp_2` FOREIGN KEY (`id_employee`) REFERENCES `employees` (`id_employee`) ON DELETE NO ACTION ON UPDATE NO ACTION
) ENGINE=InnoDB DEFAULT CHARSET=latin1;
/*!40101 SET character_set_client = @saved_cs_client */;

--
-- Dumping data for table `dept_emp`
--

LOCK TABLES `dept_emp` WRITE;
/*!40000 ALTER TABLE `dept_emp` DISABLE KEYS */;
INSERT INTO `dept_emp` VALUES (1,1),(2,2),(3,2),(4,1);
/*!40000 ALTER TABLE `dept_emp` ENABLE KEYS */;
UNLOCK TABLES;

--
-- Table structure for table `dept_managers`
--

DROP TABLE IF EXISTS `dept_managers`;
/*!40101 SET @saved_cs_client     = @@character_set_client */;
/*!40101 SET character_set_client = utf8 */;
CREATE TABLE `dept_managers` (
  `id_department` int(11) NOT NULL,
  `id_manager` int(11) NOT NULL,
  KEY `fk_dept_managers_dept_idx` (`id_department`),
  KEY `fk_dept_managers_emp_idx` (`id_manager`),
  CONSTRAINT `fk_Dept_Managers_1` FOREIGN KEY (`id_department`) REFERENCES `departments` (`id_department`) ON DELETE NO ACTION ON UPDATE NO ACTION,
  CONSTRAINT `fk_Dept_Managers_2` FOREIGN KEY (`id_manager`) REFERENCES `employees` (`id_employee`) ON DELETE NO ACTION ON UPDATE NO ACTION
) ENGINE=InnoDB DEFAULT CHARSET=latin1;
/*!40101 SET character_set_client = @saved_cs_client */;

--
-- Dumping data for table `dept_managers`
--

LOCK TABLES `dept_managers` WRITE;
/*!40000 ALTER TABLE `dept_managers` DISABLE KEYS */;
INSERT INTO `dept_managers` VALUES (1,2),(2,2),(3,1),(4,2);
/*!40000 ALTER TABLE `dept_managers` ENABLE KEYS */;
UNLOCK TABLES;

--
-- Table structure for table `employees`
--

DROP TABLE IF EXISTS `employees`;
/*!40101 SET @saved_cs_client     = @@character_set_client */;
/*!40101 SET character_set_client = utf8 */;
CREATE TABLE `employees` (
  `id_employee` int(11) NOT NULL AUTO_INCREMENT,
  `first_name` varchar(45) DEFAULT NULL,
  `second_name` varchar(45) DEFAULT NULL,
  `login` varchar(45) NOT NULL,
  `password` varchar(100) NOT NULL,
  `fcm_token` varchar(250) DEFAULT NULL,
  `private_key` varchar(200) DEFAULT NULL,
  `public_key` varchar(1500) DEFAULT NULL,
  `sign_key` varchar(500) DEFAULT NULL,
  PRIMARY KEY (`id_employee`),
  UNIQUE KEY `ID_Employee_UNIQUE` (`id_employee`),
  UNIQUE KEY `Login_UNIQUE` (`login`)
) ENGINE=InnoDB AUTO_INCREMENT=5 DEFAULT CHARSET=latin1;
/*!40101 SET character_set_client = @saved_cs_client */;

--
-- Dumping data for table `employees`
--

LOCK TABLES `employees` WRITE;
/*!40000 ALTER TABLE `employees` DISABLE KEYS */;
INSERT INTO `employees` VALUES (1,'Adrian','Kowalski','login1','$2a$10$Qrz1cvdLJfNfyNl2YN17a.yWc7309fyFE28pPWdthAhjburhsIIkq','d1kHMku9Xv8:APA91bGzHYT9mXBgNQge2zkkRndti_hRQNccIeZQtNe1XpKur0qpe33OdGKwpvsweszTj9PLoIGvlM3ciWwqJwgKI2zIg49jhnmX5t4vb2x8StraWyvRAl05n95SeckxvqZeRtbRue3C','s8BDUHkeqFHdoM6cRSHkQeIM2D33r89RaRrzbomSrL2Ykl8IdrW2oVM+MvMT9k0BGLvjBhFRGcSO\nXtGU5A7XpQK5FwDMBwsOOevJXeyFdxmNCoOm34oMUoJ9Q7OzKUHympFPV1LshQQkY+rSUn9VWa/e\nd5ICizTY0G2k\n','AucIAMUp1Is2ANFnhrYV57nUEK5yNmyfgo3VdMCV3bzEJ2N+CKbiDiYb23evBoTE4YSUeWB0HUKn\n65yIezPlH9MHx45tewto9iakYkY3/3UorXizqz7OpVJqBTTs//+V0K/wdkOkmQ/0K1fGFGPdLpMP\nJIEewsMiH459e5QypFRaN1nK1wsZxzl3aP5tQ02XroAWzvzvNNLXsnfYQHv0kWVmfW/gVwbSZpOV\nCZ8jkqhE0TcUcYMIcvgmv2VCe3vrMrM0DsZF0f5C6ghyCw/R+2uk6yzM7XaXIe3FUE5vLhIZQR6v\nQtkN94UGLoV+9hGsLvMK/K5hQAmQOUIPhUOi8Lpl/CJP9fU6gkHR/mRlTwraiS1NnD5lrvCNpyYO\naMQnaXNTOevsFgSzKouY12uP/d152BlCtEQPUlCbuw9OVbp3/zSrRBzhpw2fYjLFXH/b5LJ2cKsz\nrATnJwER6DMTqBHCHnRuSekpRN5mzjRKM34T2h5QeQBe3v7/xeXZT67LcQ6WiC0Wrm84+hcAotLn\n+M1UIrmtdMYD+3yg3UkVvPa3t6qP6xLcfFBRG/ytQmnc8ncqtSk8K3bPjN19IT2wrPQ8o7HWhaS/\nNNoB704TddJM/CQK/i4N2p4FapoJRtq/lTQSMcUs7c0uQQ5uSQi8gPyXn0lW67mFKBDku0cKjmDP\nt9P2OrhA6KaT/MnXJ85qDngN0MRf4F2QNfdcETXG1Lzz3lKH4pfvCxDsj3xWuIMDTRH3PJLpFTT/\nUz3hI4JvYUz3yjYYT1+ESNOAT7VooZzbz9saiyOeDHwe87/FFGzhMDs3WNQGzWmcfx34LFb6e5Nc\nA7+703O8ZLfigGy5wqpuRipKpzZbx9EyMOJUQJ50Al3B4SGZhADzBMxaf355zVdK1XHtYwqJuyd1\nUKTdyqvRKmqxOadjWZGMz/AobUybXaLWBtyP7lCE06VNcCpV9wfvGS/UVrxbGq+j47fwVKZLs/A3\nmjBHLFnCoR2qYJXeDqp1cL73rQn+XWYpW4lKv8xOs4LnEUYrDBtQPlqTaS1PDiuYpxu6MJR0w7Yp\nxZPhBwX68qmxADOjTEvBv5InIZrqFk2+uvIYwLVJvDhF13EXzCr+41SHLmnWWyKY+phy4d7hQkIz\nO22iGCwmNM37dhMkJwxi9T3NurfxCYDFFQ0hmXi1YuLshXyoGGC/OAuSbq2UsX4YXbXhfmlv8QMe\nGNfmUtSQRjfN0ngiNwSnEyGxZ2Qa8FbirYcLhhSsyIgXxiTT4jnbm9AAvs0Dkxue8MgdT4AUo7C+\nye7teKl9BgxsHJt+KojxR5lpcNQv2WZmLyQLnYUzRRQ6fB2Uxt8p3YBdWnk686a0moNXjLsyva4V\n','MIIBIjANBgkqhkiG9w0BAQEFAAOCAQ8AMIIBCgKCAQEArR1zYpeycIBAUhuoCGE7znuC7YPmYL52\nuXvBREadAt17nMEbGVrPBU1gNu/+dVl5SZ7R0+ewfVcpEgA61GlKvX0WNEnFujFk5o18vY+7z05r\ngGudU3i4YdkgVg/G+Uy86nLjm5SOpQSDy3bNxW1HXXHcNXuFA9pGgykCrXSVdJGt8Ig1QQMsx3Na\n8qOjwiNYdGqXmTzpl4NG9kGRVmuFY99GO3ZPGevhIOlmP9g0MOW+pIrAVOiC4slGvwKipeV7Pn6M\nLShsqq86rr8L5KyFNFhL27iKqov4wYNNmfHe8eAvl+iQeYmYIjocaHywRhQTS1scRBznDymoFVvM\nBDN4bwIDAQAB\n'),(2,'Jan','Kowalski','login2','haslo','e6ONEo-B968:APA91bEhd73DIk-5xiR0Xqum9ULkNZtAd5YYUhJgYTXBrb32737S9Jh5mJhNhuia18QR_432_mDPeWedzK1AaS41K-trwYKov0fBox_KmdejqjxmX0KjdWeGW7zPyLrPR3-Yzo4LQXub','2ARytcRk9SQflXxmzGCKdOwbc39slFERCsCHAv+M1fBCQ8CzY0AYF/NJo/vfGQDDdnfm8dL3SKJg\n8vJTsvcSS6wztVPjlg2dMmIfTcUPdAui/tSxnOA/xW/DRyAD5EtdvViZ4uva1Fe071fDzKTcGy/R\nMiaUtEJzZ41J\n','AucIAAXASwKMkbHMw+JwzZ2/46tL/GGM059D8jCxyDnpA4Ta35qHRkBkjy2pv2HG0xbbTMnBdNeJ\nPrVlH/gk7fUuzVGXIbm1I/1ALigEqCn3+++kqmCoctAYtGDPPK0rm3ew9/EuE3JcvsJHHukdhtmq\ngtUi8jLyN2nDjRKfrt5Aq14MSPqhVhCwkozesoj3wSDZ3UMeykLlFiU+WCyDwj0bJBsThMdIonof\nPr6Qocnu21TnnXIJticwmCJCEMie60u9FCmEh4zkJVAUDYjhIJlCLcq0WUe/ZwCNoIbzasmSizag\niylvZPZdPnjwSQ0IefZ3WJ8XVLa05q0IBmP01iGbxI1eT9Ll5fqGCG+91GnL1MRxMlorCMnC7vTs\npE2KFGoNym0lWHlQfYDrUnhzDp3Hbd54EMUg3mxXzTxnhov2eVolYTvdQa5vP4CSIxopCAZ+wYdZ\nGew2Mvfvc5Wu8hhUbPKIUica3ADUa11W7jidluUB4PdEe2ctNYwgbbAKQt31OQZ6C0opXIHI3b+Q\nMPpSY+phPgIPN5eGxzwd8XW3ij+iIOtPnlQFAvlDZfJ7aZn1V4UqxX5kmwZRzYKWF/NnV5S3CuPd\nsDNdqZQYZqtLh9s1JZi1WwQ6JVnzpAlL1keBlBsSaHQsWe7GScYkxT9B7+M+V/TKf8mqM9Ttp913\nr4LijfqC335JiTYgpvDD66xevkVgBak/hPXNWZDHev+qMdyivMDY6FDkN2Vpd39NLi9EJwPHU3l9\ncHG42hATNCcSEwSgKLcSR+sRAZ6LKQsPwhYqBRjgcuuFc7uv05jo1YrtVRf2j3OP/ooejYNtRlAl\n1AmN/2b/ONTdjCIL5Zm5fMF291kYZIdMV46fXvbL5k6Z0Mu07DLpK4JlfEhXDJWfm0T2AEKS3C7I\nrnWKOWOXAe2dqL1aSUZqFRcs8u6NpSoMkAy6+BtOiHFmI4Qu4R5z0iV8fLEKMeBXPzOFwOE8o44b\nlVTQO7gHXfQWHVaW+70ws9O4GZ26Z++EUfhMb/nbH+0MqcLDuvbBZcObwmmAX54mauq2/Bq6Pj6X\n3BKc+Dn+esSMAqWEglTTJ7VvRXFwt5ubk8wjLDoQgRII/sT0Y/wDQ2qFw/vx13PaZssmFcG7a6HZ\nFT3viuNa1ltMpZTakN8xQrgWZlEwuRH8/QL3Rn+Pd7uEsgXAJJ4Nwuam70Gwtyl1i+GEYZIz7TAW\nQbHQGWbL299jC3xcyT2dc76N60QwqaKuTxEQbs3VqVEWnq9NY0X3c8cls4lE8YKBWFrjdRa88/kr\nv4EjJ+mX+YgUfL15IF1VwuQXH3iIDWX1GvCiYncbLQ6+JfywNx48HuNTbr03RxvC5WAHEc7lMPAJ\n','MIIBIjANBgkqhkiG9w0BAQEFAAOCAQ8AMIIBCgKCAQEAwpsvAiYU5dUUTN8Xb3Lg5A2mRzGnOqb+\nbgGsh7pfb8rNq9RlEW0PW2Oruh7KpAu3r1rCM/2+LsiW1OjCXMNKdl5Yyp9IP3w18XnpjWRUoNEp\npNBCZZ07jya2XANJ5JnIlhM8oZhsyj/ej8DdIQe6Fc7AnW96MuQR8Ey/DZCEpab2ruahGqvEUdWo\ngbAl2Ix7O8LxoBVW2EAb/rq5lTZonBT3yoNFlJR4kIukCJi993QlDZubJ0n0fcLQdqQ2WskdRY2F\nxMiPKVBu1tyhnaI5Pq6qedAQr4zbc1qPE7wIQgEgSIFLkKOxBqvDGET5n+geUOvY+0K/jAs3pUis\n/UmfCQIDAQAB\n'),(4,'Adrian','Kowalski','login3','haslo',NULL,NULL,'AucIAOlhOu/6ugulN73PJnlnOyfPALS0SoSJCuigoXAppbxzrXce+mWLeg6MlJAVSbBDtbNsLknW\nHXCb7J/3izKpBH20ZI2CEawz8I3EMc95eDeXWE0kJ21wW6fLlwCSRwwkADCWeIDQcF7tl9zpBHrV\nkUrBP2x3Jt4Xps9TP0RN5kwRhnFcoC1CmeU0JU3rrtI4O9eUmufXPozAtSpXlfNqb8NPWqV5oIbL\nI52EmyLcl/2QxApLEorPAKFtpDtk76qQxLPTgFcN2MZCbhsEQXg0AKm/S7wXqh5InmzvIPWxqd9k\nRNhwi7WR2eIfwoWrHOJPdEHi0/5QY6STpSoGLchKIU3XfpMb7ov4J/oQL5ybYO+PSGMVLIKQHhl1\nkeU7qKei7e7s/264cP9mO+f3MOpAZh5fYCW3DSloeJiBnGWCIhzr/T2VwogareuzIDfHvS3zHml3\n5L5ocRbnygOIDh8sVsnhy1jt1oGVAqQRB/7ogJyY+YZWWUM9EdcAcLeweZihZBf8dYvDzSg007dM\nu69e/7yaqOOQzR5aXA5IHoJh31jgDeTJpNvQC9d7pJQL+Po5gwE2RFR1NqDs0UeBTJQfuFfQdbGD\nUDn5X9xjbUvAI902SFO34pFnlDXDjahB7Jgu6lNiXgSRycQBFRfIBWh3lhPMhf1RcOwaqogUR8fH\nrhxCt5a/NPpM58w4/+Bmj59QBl3HbowqKvlSw/8pNNWXrVSW08MvqA/pbU9Zn71nWTiU8PrXtoxR\neFyqDeARlocaY/yn0p5BZrE4yb7BDBZYN6z80Lo+9Z/Kc8HUb4Rgk48ZtqpKkDjBirR7kufzPrcr\n2Yb5noQ9V1e7ElieOc5pJSj3QIFBIy0ZIc3QldR+LPmVhlrT7niLpY4YzaX43mMTn1ZT0Q6CEKKx\nu+6ssJhc1Sr9kwfprx5sFJXIX+s2TWH5VtELh6QOI7oXXUp5ovJmV8Pkyfdz38r7npZT5HJTxBNH',NULL);
/*!40000 ALTER TABLE `employees` ENABLE KEYS */;
UNLOCK TABLES;

--
-- Table structure for table `lockouts`
--

DROP TABLE IF EXISTS `lockouts`;
/*!40101 SET @saved_cs_client     = @@character_set_client */;
/*!40101 SET character_set_client = utf8 */;
CREATE TABLE `lockouts` (
  `id_lockout` int(11) NOT NULL AUTO_INCREMENT,
  `login_employee` varchar(45) DEFAULT NULL,
  PRIMARY KEY (`id_lockout`),
  KEY `fk_Lockouts_1_idx` (`login_employee`),
  CONSTRAINT `fk_Lockouts_1` FOREIGN KEY (`login_employee`) REFERENCES `employees` (`login`) ON DELETE NO ACTION ON UPDATE NO ACTION
) ENGINE=InnoDB DEFAULT CHARSET=latin1;
/*!40101 SET character_set_client = @saved_cs_client */;

--
-- Dumping data for table `lockouts`
--

LOCK TABLES `lockouts` WRITE;
/*!40000 ALTER TABLE `lockouts` DISABLE KEYS */;
/*!40000 ALTER TABLE `lockouts` ENABLE KEYS */;
UNLOCK TABLES;

--
-- Table structure for table `messages`
--

DROP TABLE IF EXISTS `messages`;
/*!40101 SET @saved_cs_client     = @@character_set_client */;
/*!40101 SET character_set_client = utf8 */;
CREATE TABLE `messages` (
  `id_message` int(11) NOT NULL AUTO_INCREMENT,
  `sent` bigint(15) NOT NULL DEFAULT '0',
  `received` bigint(15) NOT NULL DEFAULT '0',
  `sender` int(11) NOT NULL,
  `receiver` int(11) DEFAULT '0',
  `symmetric_encrypt_key` varchar(1500) DEFAULT NULL,
  `message` varchar(1000) NOT NULL,
  `signature` varchar(500) DEFAULT NULL,
  PRIMARY KEY (`id_message`),
  KEY `fk_Messages_1_idx` (`sender`),
  KEY `fk_Messages_2_idx` (`receiver`),
  CONSTRAINT `fk_Messages_1` FOREIGN KEY (`sender`) REFERENCES `employees` (`id_employee`) ON DELETE NO ACTION ON UPDATE NO ACTION,
  CONSTRAINT `fk_Messages_2` FOREIGN KEY (`receiver`) REFERENCES `employees` (`id_employee`) ON DELETE NO ACTION ON UPDATE NO ACTION
) ENGINE=InnoDB AUTO_INCREMENT=75 DEFAULT CHARSET=latin1;
/*!40101 SET character_set_client = @saved_cs_client */;

--
-- Dumping data for table `messages`
--

LOCK TABLES `messages` WRITE;
/*!40000 ALTER TABLE `messages` DISABLE KEYS */;
INSERT INTO `messages` VALUES (1,1502110322994,1502110359591,1,1,'ExA63bmCzlI9cb46Jt/YfJq1QDtaguI9EKseNgoLXf2JdBv6NCFmoJb3yIbglX/QsBEDYToNoQ0F\nIHQkog2U8QJws8UoI9NnQPKgMho3YbB5jVBoZafPmOZxVnn6JK3OqubuRw8mDQwzGGU2JbkOxUBc\nvpQ2Q2zIQCxsf9vLIGd+prpigCGPjXaABdfg8H5+bZ6s5H+YB6O/5Yz6/xhVxLTpGSr9uusLkR3A\nSMfjD6kyD2J3HP66sC9pgB+pWX3/GL4GuKqW2UjD6r9J4BLeC4xINGedJ7q6QmQR2vjUWJdJa6rb\narkxWOiI0BOAB9u72HpaADZxqwb+/njmdziyhCyNU5oLPcVV4+7Nbf2TCb4myLsaVgxqQ5GepA/l\nbT9xne38GDCliYOsjAsZE7ZL+X7TWdXQIyUmIbOPChUmN+eGTMQR5BfEDNQg9/dEr0KaYNXJ1Xb0\nJj8WFXT5LFaBCST3CIMswnIfOXBPJ8W56UxOyMB04NocTl3reWA8Yu/BOBotxuAdJcHUS0LWqAZV\nUIF50OM1lrXErGtZT3mEelpyhW8jUVvZNqYmvq2R7AQ9jxbEIuVojZjNg3nl2OHLVTX7WfcMwJdV\nWqLnQhVRkgoIGKyGmhH2ivoJfc2teqL7/sjtUWnyWCtaTkmtX/ufQIyRXpb6Wajv9PnDiGiYe0Vj\nK0nQmfAfYLeC/Dn4OErjifzxf0IEjPjSxcsEKOyLEmaL2TpLdKq+k97MVe+GvWMPssLLjjqolgml\n1xKl2NIp/Oa0IaaIH3Gp84oXrKNuduPntYOvO8Qg7YsCOEW2QrP3zJkILKFsE2MvnWDpfcJ3rnDU\neC1AvmzF2bC+AbVKApnyjxZhysRbAVzNE2wHOhkk8tw4mMgHYO6tQO97HzekA4WPTO+jc9wisOYs\nTVCv40qAK422kIYkSmp8QH855VUhdbWiTw2Q3J91aHMXlapb2sHE0jEhhMzqLVAJ4B1hFvjdEmVE\n7BiddJFlxvPMp2g1yJSEUjCg0CiNwBa0zY6N51chPzUmIEmSGdeC/VN3Zuw44/QUC1LoBtgeuGw6\nHZDa+4L1DQXwpVSjpAAJGaP2Rks1Uu+GxaJXfpzhXNALANak2JJAH7NZBtN0IPZpZ4iPp2eX2gsc\nQy1aUmBdmtfvOr06/7HYtFBpXqn10eTwkcKcm2oEmgqfNzpDR2FUEBNoFo+KKKAnqao0pqD8xQwX\n72yf6V3RBLiMwjggnd/o37cTryDLX1zLP7Uyf9tRr5hqLcyzUX/Xu9OCOaB9KsLlyLSpPRJS/LoS\njH/ah5FUxMk275c1Ozpje9l1dkCDRuvC576jzYs/MHTLmR9iZfM73/e35bfXiCJ4Z8DL4QI=\n','AmmqyQ==\n','tjrMxQ0jb8YFVnbhsWRwWkfCAcTeX4aRttYd3ykBtuWFj9BMlz1MZx/iYDqYe5aFujbee4FsgFr5\nk/GlGAFUfLniEGG8y4EmRMDYgrtwNch8yT00VN6kxgSjNxExWDObwzo+J3/YJJYbq9L5a9jDViiY\n0wR8xegQgVPdtiRUxRP5+w8AuwqU7GOMSX5JSnA1JRVxa3CeBt0qfARlu3s0ApGznH9/hpat8pLI\nCPbhze8Ew0U0NlbZOnV+ZixzsTnwGRBw6ZxXObjQJykZvN/WPT1AR9Osfz+s19ZH+FxBw7AL80Ui\nJUFPDrrtqnGVhhhv+aLFVOBcbm+5l7qkho9yAw==\n'),(2,1502110541666,1502110757221,1,1,'Bwc+QqaXJPrAsF6Ov+nPEX0AOXr/vqBA7I/RhV7Q7RyPZTe6qs3oqD2rHATM698w3vKQuoXUQ6c8\nTryI5mC6tH7ILoKL7rAoOvl+occc+YJ/UBMO7hJiHRFDxZGZq94AK5/Lc6G2xyDAOrS6GmZ1Vhjc\n4WKcqK1rWFtjBzx/sCVXUXmXBHXYpUArjxLDNyo03RJ9ftHdFVmC8WTiTbps87bop15ClQ8z3Exd\nzSO14T8EX91IDdGunJClDPu2/MpeINIHlLajl6JYaeJkSYy18qam61yINZCh8LLKMpyTTA6A8GV/\n9YGOpEmcnzcVMFsmmrEkyQoIfqI9hhOW8+ZBbByNmruD58YTE5opgkJk5UqZNAGSnCOJoAKF9iLC\nTeHpKqIdmshZfCBW8qpu3OAtlhdP0aiTK+sCfmgZZ60jwDftQTCyMwugBzNPR9ozU3CoNfnhOWjk\njv0aYAfiRRwZvenZp9SW0bme1NyGTPGTpY03yPXxuW0ooKSjZSB2UHYt6ZAWPNhA+uSjAXGE3lgQ\n03tW7ONwdD+O6qIt3+YAQ5GrjehvJ3pV3RaYQ+hiB2bMjs5nvj4qvOgh/wd24OmSjOBSRa3wqEDz\n7cpCdeQj0uXjknXqqArVGRv1A6QwcAt/c/9eW1jjbRMiSDhdRuXS4i2PXK1uVfSftncufYE8ZSGW\n6cqI8GxvyrvlFwgFewMvL0RXeiqmnh86trq+1FW/56BSKWdRqqn9zSmZNVmgmKyiA6+5vMNEQNj0\nmkPQrAEROAUqBGOvi/80DdpQi5NgPUr7fTIru04lkhCXQbHuTWq8FSXZRQitKpbK+BmVfMDa+t3X\nq+rRVzc+1N6L64yn4CjQJ3BjObHgl2I57VVeRxrlLzcV9Sw0NcA8JQeZLO0ZNAB6wk+SbbowsO7Y\nPhNaza1iwFKbn/QTOCX+WjNou4NV2Bq8rhdRmu2m2Of67vjOwMdUB39bTFWjy5/WKI8/v655ddlp\n+kMV4kFhnxN4jn6PSsBvEgpzqfQPWUgYGOyIHq4Vs9oG1LtN6sWlTFhbTJs5xwj0LB/4oGHJ81Eq\nDDNudv9iWik3FopnybHJSus7buixRcp/nKOIDxl5HJpGU20Qtpa7aHfCr5Dw1nXPOZSTQbj9yjBs\nPzRBgUGJU1S+YR0etv8cba/pr3/jyZTHcGxS7OuWA0Lf2g5aLm+7qeuFmMV3gI0f7BIMxkrpTTEI\nk1R3ZeaEQoMx5MeEW/T9IW+WdDyt0lEcztf6i4QRH3MJWChzuMnQ4q274JbfLdsKJ5nxn5NQsxrx\nom5E1xYQF8wY/JKQMP0f0thUdymO7W3ESg7bjWigRlk5STBtmAbtmg64HznkrW5/Xa274Rk=\n','MPwGYPc=\n','NWe0zfWy3UD6potq8Xm39Bw1di0DiieIrbqs06PjhgwYGI6kYaGCSW0zt55jt6NwjHAflznnH9xI\nX9/3oDZtw4+FD9+5TTfh7Fw2RBdHxHvnkNNJ796XBIEqFECXImHC15qKKSuTgf8p14WIxBRZ81Ks\nZ5eT0jcUnoyTjbTLMK3Ug6YdzBPzj4pg31qYXWZrX5WSDfzY/BJfwNfraD71Rl1WY6m8LJ/HJ6vz\nrI2zpwihdOG+2KL70zSYxX69LtGw1opX62LC1hVOc5w7nj60HAEJ88bIewQrU5+iPi0TSxF32KwC\nlw5CbPKlLLtgmtfjDzH4E/mj3TZwRcXwm674ZA==\n'),(3,1502114322422,1502114337654,1,1,'M2sKyD0MIO7KA5qyAYels9a28wmJNDXuSzAxpnGqnsjfmDp7a793sg24ls5SZv6PGBqYC2wCD6Bd\nPk+gkDQOv7UU2DfAq4hXE7QqYNk1IBrAYfMgszdv0RNn88OCfd3++6xDG9y4qPjPOjem/dXFSGeW\nq3A//d/pmhiePt0xAqdK45Ia3cTpZkHDK35MlRfhDXhr1rM1PULderVgj+9ehN1B5MRTbKdCFZeX\nvflFg/i09u1IH6G/amrTZy8++slMOyUJiFx2xQqV4BSPunZChJLlXhi5FBg64+F+dW6dhuM2/3/n\n1c3CV/jMtXPVHb1ZmsvFNq8rfBSAcb5NsX/y4QlronzgCyGAIqywevBjJeCj9obbXe2gwZaQK/yz\nEkuUMvSDadC/D0af4RMw+QBNvErpEnsg0m+K1lDZcr3+PmYa27yJZI7M59XVCZRkChsFpGxoJbQT\nNmxasr5/KD+UwPfw773dAHylH3NHQpVUOHhWjPjtPlRWufJs+qhR29YzaUH+rlMTPPh028BxYtdz\ngekBSZ6QmnuIzF1zeSPKLVJC0BN30ZL/MNC63vVfo3+DDtfumCQTVxpNTuJdw33GD1IMYqH0LDMF\nve3HgtW8bKjhiBpVk9VPzbOnimLIm9NXdo9ziZ7d4fS4cvAoVwHLBY4PuR9yzvx4Uer1awNGeUCH\nfh3+pAKOc5KXTIlSdYQmwt+RpM4EuJQQ3ShcUv7WQDLlSzZydoWZetwPXOlWB+UK4nV+SRVwxriy\neV1ZiXIJbA+J/7oQjLxq2vFhFlqLuI+NEK31f7+0oIW3hpha2/gClQ6uHIBb+y1UV3/ZYmDLW5hj\n92yppkCcGZzgYg94u4D+nw8THkHBu7gMTIVb5TzeVFU259dSBluYPv9nI6bzxB4N70h8waufbviY\n8kl4QJqm3Xq1bnCvSgWpzCOSwzHX2XDSX+jc89flA+lw31JZ8dmrcmwti7QF91yhNg/e7B3JoVZC\n4kInkP85HaLm0HOuHhRN2R2jvJD+43+DqMzXiUSTe3/bdDgew6Sdq9xTXI0p/4+h8ADOu3a0g2M9\nEU7Z/vzHXb9Ufqr2RPdJffg/N7FiQ2Fs3fBHllSzRPBeCxY22TbBmOpvoN5oU5CwhLCl0FQpLrpK\nemgiYyy1OdKH1qZnv+mUHTMUBIDg9Bt9LJe3HzFs9vwMR+/5Ydj/4vBXnA/pL/wo5eFwY5MIm4iy\nuL/jotvvgA+y4uxGkCUHs36XLoVkHdW9mmjRWC4PJ+0oQNTMkjt68lz9YngUbvHcUGx3n6fSGvXp\nKTQ7+feEj8q5rFS4Kmy3xold2cOGC8IOsDVeOyLc/H4WhUzaHniNsINV0GsCPS2EGDt+RBU=\n','Sy9LEmjkyQ==\n','jqPFBp9Tyg17CB/1DkhhBVQupY/LiXCzxfg/BekD1KNx+NrPT0FlY0gzGZXX+Lup/2iRDTHcnu8h\nxyn3Eh9s29oULAJrQJ3pAo3ubq3q+MCotgT+4M0xfwBR4v2ImwhhHjmFqWdzFiEhaKYL283+fXlz\nkYuVAxZEoieNs/4ZKSFtu62zeOkhziIgpYxc3tiumwacw8HAK7SGFHv995eEAhqJ2bhGaxAbVMjY\nGzKYNbMVEnfNuommt1Y7F1IVwZ93Ak+BWqQdgUstf743r+IGz79C5wkh//jX956nGow2VLt71rP9\n8Uqv+RBGhBpxkI7RkBraOVVAG8WoFqnMOC5sLQ==\n'),(4,1502114409105,1502114457476,1,1,'4Obj/5xqOwzN4UGGCBLb128H4y8BkUb3ckzTaYvai3+WZrAk1NvBoKS5rcUjNSwnz9x1XHhN42A6\nf7U3htobvli54suAlHjeiTYHYppA2EiVr/wUgIyfSV5wIwl3Pl4Tc2S/jSRP2xaweJQ+4YFIDd+P\nyt54piYJxOk4EyyJY+BOlMfFyMLLb6tu3WYXapu+5aEzFeWcjoiwwuCM3PcI+KDzRRX+9svNWgdW\nLScfkUSfq2dgANFqv4VEEpuKcny3/5uayZKhhnP9In4oWVPe5nrCHI8QZ3TBgECH3I4+irBE6FFs\n7ePkmsh7l9glJ75DELZjXNZZA1C2HpwLTYT2qVIvqi+Z4+us0H2sEO88qlE5jnUgSJF0KeHBMloV\nKCsdjlbtgL+vnMP1ZQne6/aFA2e055EhkS6UVF/G9rWjemXS/MF0Vl9pVciRl54mnKa3dBvIwox+\nBRBxR6wwdsXAluzqNxN9uHou1ZYVyFqdYf+MsYCgZz/fLnisDsIeXESvTG04Mt+6333yYMeiVLKA\nvzmKCAh8jMxBJxpw8ofS1cisze7yAU0mL8zenUxrcrkS+9IBsD0p2Fau7sRLWVfTyX4GJ+ReQMnb\n+CTPMCf1Bs3rPOHaKj+RyRWW+UIeabD1L3f+Q8rvp/MjRT8bNJl8Rh7Y4M0Acp9P2ko4RBgvmu50\nTeCfw1E99wNpbEoSUcO+zwIcQoTn4G1yPrpd+zpXbkNN+q3kGG7PDOjpmJCevXa5iJPz2BMXLtDV\ndui42TxvL7j3CXJn6QULi4L3GwFB20rsy4L/ASKN//qhFqfvWxQ8qSZ8tcaREYBds4QF4UNGi8hG\nud/Gg3u8uqIQjnzcGgkg7GAokXisOVjWgAaywzQt/EId+accCH1uaDwz5DhU7eRvKKelsMSBTDiw\nhLk7b3l0hQ5qU16egTPV5cBjc0JK2XfcFwF1UEVE+BVrTV5KmnXJysd5EVYPhGBWCm+m0dW5hqTO\niA/3yRxZXMSvzokv1muk1XCOvXp4xB7zEkME83hcwcHPfTmcWFJHx54LtOLUWGnFhjVObs0NGw0N\nufib8KYvmNc9Zt5G66iYvn8i+orFSkz3wqz5/gj6UVU4nZKBty6Y3qFE5QDC/T8h3ZZ4Q72vjXGb\n/uVCmXVfCmfqW+2344kkrXwh5Wz7qwcBcBd3EzZXiO3xK98fSHO7pUP8amK/S5acRSCzNyIJPZtE\nz9Dy4JvObmuO2K45bsahm8iv7Xqph7IFMhoYgHWPKs1qfPbMnNki4/HE5tQDV2vj5FouaJAinXmX\nVeDi6IKKl1onhAssH7DwyRBUdM5ej3330iIPzaDNkGiyV1yk/ETtqNzlcZX9UJATtHrnHRU=\n','0o4D0A==\n','jBmdLezv5nXFwM7qbmc8gbrkZU+aSXklqbgf21ovmy5rsaPwqOmPWEz0opm8KJBl3LlhX5KlRXg6\nTXQQPLfDFNj2EqtsFpL7KLzd7XOiR+U9JMC1SyCMnbEa71eZASNZY2XklbUXOvJiBV8iCGueI9f+\ny68z4pf4QLMdbNatI7N5xIHstbNtpm/5fHC1WB3tnxS6HKtbQA4Yoa/0XxuSqGjtOJHwq/hGMmCV\n1uwfWGU3XsyEx5nejH1s0/6htYumHICZLUdnLqOK4hABZhGeLj7SS9T7yChfi2dvFEVRaZ08bGS0\nLHFDzMjZesGM5rk03vC4W3jJmgn9u4dfvgUqrg==\n'),(5,1502114477174,1502114815155,1,1,'XkE/fPK2CMDx7MDnSAtYqRrQMWMqX4QoRV+JoqUL6wOb0R3KO2JPxj1FCtx6cmM+Bcgz4lYyMc6p\nCbtDEITalezapS81QypJVcwsuKNfm/v4f/YUkE53X0LQbOwwjmhKRJBJcX9f/Jtrons3JJEgP90F\nk0OUukc2tiznoRVy0FXnvxCMeQavJGV4AdnH0J1iMhUsyqu/5PVTMb8PZIObCqsY8d0y3Y5YEXDT\nr0vZll68i4BbmV5emWUZzC58eZcdP4v8McAjJlCEUpQQnRRG7wwWFkrXzVS6Nk9e0K2JAPFRfanL\n3cCrNqT/diog38ALv2Mgvjk0yBITezYY+kF0xTj1FnKqqKJbphyvzIp9QB8VmdXoc9tRoLiFRR7f\n/N/UOXcur0b59q2a9Nv4Ui9mORj7ouNVOFpaCEtpGx8H60kxyUvMEslxykZyfyb2r0yMgVGcKzcO\ntR7eAPcflzivlhrLFwR6CA+ogEW9NoQGtw27zIWK31PZ0QSgD/mWv/i2NlMwDFGNEg5VHL1W9pxA\n611Nqr1dx07yv8RzDLDz+/bm8HBi/Cq8+8EwPPX3ByLEnE/CU/kUrVjLfG9y/zC2wH3XMoQ6mpKn\nmbZJMdtnK6mAF3wbbSi1oNu0o7XZTDJEQZpDjYup3Q0qsjv2jDbNkjhIIhZgAI26tibbtCP6rMFd\ns+G2/AlxrfvIEiSwMqkSuDdnCBQ+aG9lpl0wIvZXIsFpNR3jRIF9sbopAM5RFObYxsG1vVC4y+Gt\naPRvDsn+9xSg/JwpEbVbPGwjw0EVe26+22xJovFe6dbyhrUEv+pK1994wjB34iAQlZIRbsWIU/DF\nWx+dts2nkCwsVTs5drkCYc9MXAOMdEcXu2h+wUrpsBwn8nctkVObqN4hWNvxYZjJhY7eC1Qy5ARg\nwCza4tJeSUA7WlOGhIsNBvGKovipdoHMw0ib2dVW4lTTUNTbCoKMd/Hm+3lQil5WACwFgYurRGkG\noESnYztw62oicfpwMZwz04Em9vRxFrIsKkxvs6Ur5On1+44keQqx/ZB3R2+fFtUG6gaywfD2OASH\n82p4c72CcyPYmnQ9pzwCwBYtCrEafaw03tA2ZQbnuNVIni0JqnVvD/LDA2gSdzaTex7zDIAt78j3\nT4WkU8kdc0LjPDvqQw+QO5Fc1+jBrvNb1JusFSirdfJVC6ermSlZwF3YiVcAM1Rd/gyDCeo/wWtb\na732/3GIw0HrQL+Td16ElMoB6ssVylAsSV3LOlQo6QirKGFv5HsH44jb7m45RbrfrxLIWxTcMM4I\nWVsJKGZpILEdGb6hiNxMosJQeAOQ3Kqdh3dkyhqoB2XkTavKVCZOtFgKnimVhA1OICIPFQQ=\n','4fwHBNao\n','ave+1z55arj9N4ye8okvMz+CTVlAU/VKxrooMvPmv8TtYXXk96NeW5p7drgTAGZFum9KtEVLiKyr\nUUeF3wn4dtzHajJpNq3sfd2KGdzUMEUaiydCtclWvsoyZzoXwmOpCmf0/AULYq/QEjqpCF8J0qy7\nh1k9mZniojFsAQfr2drilvwHfWdI9eewEaW/tBtMBvEuU3PKNk5KP3rKfA+3zDI4JzfH48rckQE3\nh2HntW9qt5RBX0A9wDb2+RlGAz1cbnP1dvaRzpqeWIDGhrFTbGEttLqvO0Z+DzvFR8uG+R4tGfKt\nIleFZd4NVlo8OEjPViSSn+T0OeOqOZghyQBwsA==\n'),(6,1502115308206,1502115321930,1,1,'9SkPduyPmhM/vn09wFe1h75F5G0zQjtlHCMHs0isqeFdpC91x2xfOSU4BNyXU/r+0JN5Gf5K5sTU\nYT6JN3UGk472JmfnmZRTrJlr6RNr2fxbqWxDrcXf4RYhmoG2CkuVZtqMMbjECPZaiYCNcnRo+gDD\nvK7+d8dcnU9jTKEIuxsldUBTdtkqioN+DrPlrEXO0OBxBTEZCro8Dy6HObH6dNxwsJKsd5zv7i5L\nXOBqX7H2OmTnEJGySK47f6dGppKr7dRqwA0QZ6aHg8Oo+bNA0F8qx+nDcBTCejqfST6NUUBlGTZT\neA0/dd9S3xPqCHFWxZgJ0kZZ6ytNYnhMEQRJ5ZXJcCsF1jzQrV23I0GJr3RK3HDvZFvFjNQcCV2I\nb9dRcYB2pwSzeSR5zjQdTX3jbUU0RaPFm2WU28nMgrdoWaIJSp610cSLpbHkYm7ZMjPZJsxRdSrS\nbzPesmRn656s9l7KUW9SgQr8gdgtchBpWwPsoJFIIWi49oG2UZHmJ7H28ACIA+UfV8Q7pRy5d7cA\ntQwnrMBHiKzlyASvVrtG9FmTZ117A+bzfLTY7qPI+LLH7m8S+8/j6Pspo3Iq25042wcJTbIHza5L\nsRUawkNyQ//E1AUZL+yHs4YkPpmhtYxT42H8Qr1xVy90smMlUlfNL6diw3jhGbnttGA1Pe2SdpAz\n2dRCjQKqQylXZhatJQMqyele3y9MBDoppI8BiWrvTk5hAycibMt/GJYWz0VPEBWl1kL6/mHG7Rzb\nVZ6smiLZxfTJ9TxKCs8HwFdqmK9E6R5pzpr0bjHB7CnsUptJ4V9n0H/YEMjmJajOYEWo0AgFnzRc\nffFmSq+lxrNPxrCMrz2dkWtdXOaL6Y8tI3NyHHiITWom+DmdT9/zvupW9rtDpjkAn1SSjfz+utM0\nVbKQ2Xx2ESedPMpU4AGGAZBSgmoRh4H7t9FbuT7ZRFf+XigmbKrlDYsI7uE/vvJrVlyMydFEvXQB\nrw+TdqIbftWQ6EQk7j/w8NEDqw4UgLdjQIhArNOiunwfA0wEHXrmL/fKsLZydofweOtzThWOIoNE\nmS3tUUktxZzeCUlynvZcAhi8M7V+PIsVb5Vm/w1OS9+ErQiIH4RBTbtbv4rmgISfLvX2cvxzGh3n\nJ6kIICTVGctpwqrGqxE2/s03dAohI9uzUUAO9iHaT0VScVsBoh7mxEJl2k2gqWTvozMen8hQC9X4\nlibQgdIwggKceNTSrgvqY8QxuMQAPILhZcWqQQPpasrTuSkNjFMTGQS9yyhSpbb7eMQa3eWsVJ02\nas2Qvm9HuNsUwNDfPBb7Sp2D08fkOi2ln8NEts77W+OC1qEmwj64JafB8geeFvHlnadsKRk=\n','LLwdIQ==\n','Nh1S6m3looZhzlu8GggMo2PXnPpeXwST46AXamLj9WZrwyx6yDseAAubK+a8snHm5QaCyFyxSG8z\nOmtBXYD/0uolpHrdFQXpEJloDNShzQnbzriVjyJG++YvwOOf9K2eUeklkNsmYCb1euc0TJcSvcyC\ngU3L7onW3re1fJLwoxBo2gZL9tEoYnAVvJ/j1q631mOV4XeswdRogMJi+TqCOv/ZnBclntF9lcQY\n8WYHFhqCQ2O1JuqruKShxcR7OIBD29d/1fyXLsYpg4XTTSMyxu0zgwEFkFRFFm9CRixVNjGjHTJN\n+GmyDGTz5xEkjVZPC90INGszIm0YqVh7eIYnAQ==\n'),(7,1502115956750,1502116309554,1,1,'5+MyZyjvBzr3q6er6cZTwC2M5IK96gN2ytJaUdSQJIC4sqMOPeHIPumTowKmQ6AXu5Y8QlrRsliD\nofabosR5YaGSoIgCHoIQcos9pw+tTBBZdgX9iPA/lW2P1yPyZ3AS/la947QGKgVeC1jhUWMzwbn+\naVu+aHPtxJIm50RM1rz9B3hZtv6aMf4Mv/rmzeO6MAE+9kG36G1RS+oiK+EmW8hIbmOdOSC53olY\nNSub2ngaNiDg/K/ButPJ58p9+1E6NsJamckNozz5Jh8Zf3X70sC2MbWasU2bD3BiHMraEf5FYgrz\ncH6Z7uWcYnOQtyhv8vdhfHtvx0reOFASDZFkweAzFG0WJW78sKdp8SUpxjPfS4m8U4jj+3dA+YKE\n3maI4GLDB2N1UiFDrFG+97o4EGiK+oiTE1r3mWWqKAdde5NN9ml5SG0oAm9WVmDXVo1aulWUzAQD\nhmt5qNdVMk3EGfwhOv04O6QBZbsToYXb6D7xwTZyJFA/TF2EBFPJVSKOMCiwFhElLj8IoDYkWJKV\nSKIIPpFjAkI6wh1QvFbkto2uegNLG8xcYChf2yjWKXsCag4zamK9Jp9As+gvH8Nvuk4IzNqFhZ/Z\n2qVYzX2At6yk2vt4CVxj3icxElHXnYuGAvMvYR28SFLRs7E2tLETGniIAV2loXb4tDpY5oMHYvtx\nR3V+IoQomIfpXvQfxbzR/Mas7bPYMmlAGH73oh4rOxz4ttuGiBUJlgXPlfOejtHzhcLMq5vnnXUp\naW2bsHYcoYYe7b3civLoSRJiAWR9H1us5xiqZn6GSpa5EYUzF8AsMs6WjDWrKZRgT0vfaNTMj3mo\nVRrbDjURJ0pz6+QtAIkGIrXt2uTGuCjoeMXcmrT5aSJt2nX0RGobvrawp7ZQOPd4/Px8Y17UuPI5\nY/76W8Vibv7y6raKKbN1uzQNknWbhRFfCmCoorb+LW2d9YHqMOivv0To4ne2WFdf6fPQmdS0CcyR\nABtacbYLjehDOTKADity+a7c/qvmCQEKNdQDVQVod3UBOWdR50Duu6wNJREHTlkGFbgkcDXjywyf\ncP7QawwrGcPqEpuhQtZQWjVOJVtmLatV6WaFnKNRwKoouYj3r5cCXJMDZFVQLpeFhmd/fNE80IPZ\nDz9cM9655SW4Ux2l9zqqEKi2Vg2K6wKRwd/tpoYq2Qskl02eB4EVPA2z5s3wqonhaeLiIps51sYF\nmAmQvY8iyR3NGeCLu7/0N/RG7AutJNih5+CUK3QNLoI83Kg6CrzisocEIvf2Hox3evW8T0CmuiJK\nKAkzcT3jDU3eBcDR6YlS9yfV8vhjzcqMhpiSP8mG5ATXXvXdUfctwpM+0IQbU5o/EvA3Jx0=\n','R91D6Ni5\n','MTCC4kTj/icsIAVYEZ19jc+A8d2zYyFY3XcX+y3j+iCKQRU8qvpAjQSakA01Yait9RBPlEsXNyMK\ny2dKippt5+JL5c/euDhsr/HJ7ds7Fsfd4uHMgHl5QNylL83FbM0+2mqpg+xKi3/T9EejUmDrqKBX\n/z73i9s2Crnah9UoEh53oHwghHufF1Pu3AAP5YNGwD+vyMMHXY3RDdZBxjYw3DfpjRp8/gn/YE+t\nQ6tczN9tDXr4yiD2F1EMMOYOVJ4eSzCmdqoMSvClDp4vMmd/+12pv6hh+bJceOnb8Kf4lTtqYgMV\nzyGr+2uogmBqiqPaQR9HsQuyN5X51+/u4l/tLA==\n'),(8,1502116090845,1502116309646,1,1,'apuJPdZZqlmTkwWshjN/TCBVt+56UV70jtkfUFRjsPs1O8MCNmGLLGpNr4IVk00nISp4YTvXW2hg\n13gWl6mZZPGEExAQCj6P96vhjnmQ1elR4lvyQa2R9XWhgMZ1UOfdIKHQagU3ZXv0cy0h9uLbSXjw\n/PxeVK4n/wRTc2uJjDwobueTZo6Pl4SABFT7mQw1cSmsSRSJSDndo6kmVbqI5qCBKghVpxZ8zGbI\n2KqMMtVpL9oGZvI7xrk24cyCW8CWJB1gAsOSAMiPhyjpIVcMD8uidhsosBLZW2TzD9fzmou99UaC\nV0Dz7mTxpUbQ6skTC45+TpN8YZwc4tGzxNOR5ZrLue1D8AxNua69tHKWl9SdoCRfCyJ2E9YNJdkg\npnNSqhRGDCVXcgrGHuqDFPFUxlcEezHI+Jw7UpErpaV24TUhLB/w6tfrFHepMHnnviT9c1YSRMSx\nWzTZaBBMcjTh0MFWJ2oKTV+eLxnMfDls4NENpsy/H62qAq6MvMFbKiLeC0ed3GsMMi4QVcnYARwc\nwFPtsUSGG8cN56QTMFXR+qYwApOwtiQku1+UiPEbTxac34wWHpBYsbzoyoMlXb4xsiifI6cyh+ao\nTashoI6WN5GkT56fPeM7pKwi3ypyxFD9yvhUlGRDlCQLkB25Mxx7tUv/gE8q5cMiBzZue0e2Af5+\nU0FJ1M0ePxvskIT6kUJNfRwzFYLVExRN77y/IKPC9BKfrYghOwNDzLfXfoQzfIJ3F8M6HMTkV/Ji\nd/Sf6CM2iaFhaKQPgDIYQjW02jabai+LFScTn19bHObrkrpWJfN++inI98eZ3J0ntFgi1KQ+kzNZ\n8vJONZw1rXN6lJIq/fpu8VTs1aGs7cfReC1aNYH//2+jkKW7fOWEcRuiNriphyDexBac1arvEzsz\ngVc5Z0+QNPohvxEtsJUd/1mi9nr7d5WC/qG6d8KuClMumWsDv5mJAgoNuPTQ6CDMpgRRTK5kqjyH\n++GWWFO/wXrP/I7F57RXkIoz3mKIqVoyIQAJ3pX8sYANk5zP3sKki7o2xiAeB00TQXqCqB2L28qy\nyZemUeylcupTIsf8UBSTq0iN1pgQtWo8D11zH28ATHObDy3sSaHD3scY/bZpAtCGouMPz96wUJWj\n26SoLawBrw6thWyfAeWKTCU+3HDxdkLZfn3oXIydDy0D3N8XNILov0wUHQD/YcEGQu83xe0kXt5g\n/n6eI3OW0vqpXpgcti8wB+4caUOKv/iFxqORI2sZS5GwR1WSKrdMBsSRbp6RTc6fAlFfly3b3BDq\np6l6LPNA7LV+Ey9xkjH1M3TdVxnv+LpXmCz2oKrxRtyEaiuJK+Lu3x4go2Oj/nr9SZnqdx8=\n','z47oQ+Ub\n','V6kSwLX7kK4IUB3saOGhwjpd/S/Tc5odlqAtIskiT74JtwJpKVmWL3VRX0Ou8N+wygLvH/8B8vug\nUF3Oks0WQzXtf6ZGAWrj+/eM9UwM2DVlggyWss8CyNE+mgFuqqP0eu3ezy36OcDY+h+ZVH7BS2ie\nkrMyKKL765KU3DhFPcffjBar9NCJhTdbdfbPB7IiP9iUkmBYxqY/rXGAQtApvEM01sYd6n6b3cI2\n2F53SAQQDQIOyZfyKxPxVunhBEEFevM0VKFRh75IHXmoLdqpU1/OAvM6aeFzbFv8Wy+Wq8qrAqqK\new5T1NU+9izhovcocAo7UKz2fjwZrFXxcryNWQ==\n'),(9,1502116144175,1502116309771,1,1,'6xLipU9Hhqn1ndT6nj6SvAaToeqxWSW3LHuNRJEV1xHH1B/TeILRsmtTk7n/YXsxHQApeJkcHkMB\nIr0vFrcorr0LkCM9U7OwBzuK5hwzCvVmCDelaKUT2lTitdmkyes9X4FxAP6WUlKx+W8gfY5mjWJn\nTQ+BQXqhkVQpifaLHCoo1O22jsW4APNy67N9goi/UfUawXLVpOjxbeq37a4LVYVSMR7i/N1NanvT\nEMBxai6VTWfZ6so/SLlfTjcgFmKNb1eXSc0MNd723MRxMWbK5NCgXxA1fCRyXVW2y2sLLYMVKv+f\n0bz6YSjdZB0Fgs27fNlPao5+QbcgAbZ7xfGl1nqObqM2XDHxQ1fPZco5W0pwottiEfM9QO5PFCK2\nUXgSzueMwNcgV1wGoicOnT1tqdDhZnOaH0wYbUns7+WCwZt58pOwkyj2bVBFU5pdDJSWwvNsyx0f\ntF9KVSw233NmAMco8mDJiBQtkvAXdAfzDegAL9Qd2Pi56Ux+tY+HiL6RFc8tziVr9dd/I5V19C4z\nx3lGqWUMOgeJ3JM5auk2Es6csJBNRfOUHXGoS8tnZLGb0zx8bcO8j4CpnLQsyMt0HCi1kZ4jNcFF\nI6HTiZBVT+lNNRk8aNAhdCyjfeFvtOwLyA6M4imI5yeLOXzoZFeq6A0tWzV3d8teEzzvy/RawsfQ\ntjkWTW0lzHT9UEHTd4+tUsHZL+W1d6pJhJtOzPCmdLGy2YMap6JUg48DNU0SjFgqhr5UopwNxBBX\nw0N/+NXd8FytODHnUBLPNRMYsFPDwiGAwZ0ywc64yGbOBkn4PCMx9ZHegwap+nz/KZzz6s1GYloZ\no5YxNYX/s4xX4fy0jRM6qTkgJNQo9s45HDHb31hbaM6glC7OrQsbLtgXMq5/ItICOxpJuxMAb3EI\nUHkL3C4rtsxr0ZWg+69W/zAeDsOjWpwn2ZSYYzd2Ww9sHa0pkWVtyvTga5YcbBaYQA9ZFKDTQTRe\nXTD+FNIlG2UGKoAi9EF68iiQMpHJVmZ7e9JHfUw+njowyf0GZaWUFsNPRG3a3ASK0mVBCLrzvk4W\nOyPV42H9avP5vOldB5mtPtpDu+WQAL/X83V7kBMZctPGvAfwe1P04ACCup2yqIVt0tn6baL/m0V6\nLck3IDLXiCziGkdZnIkHXlqK1tvgy6R1RJgdSnLkv8S9yYdIam7Ou+NCRfCSQKhThbzNZKxcu6fk\nm9MC6Atg5YpdbGUV7qls3ZNzbO2mRWaY2RZSyl0gMnvrRG0DiBTjzz21/6JKdmNdcVawpCjRhtgT\n5LLLDtpZUg3kMSAG+zBA6/BigtBvg3lQJWTIGbx60U6nC3osE/Ip263+QdwuU9oPOdot5BM=\n','8kbtShZO\n','HblQ/kOwHJOsbdtoqWnWyju2li7TkKrX4HeCzzQs3HyNoVXQcVJ8xSxZbcElyX5jzXzzcaiQb98O\nuKYMk+4Q9/KJx+wc6IMiqgRG2VWdhqeciEB+9fJrRGZXBWjVbKWvqFnAyn6nwfw29jxFOjbMfyrv\nAmLHPZoWwQ4ZQbb5f83LcQeT4iT6RVAgXG4uZfcPPsgVWTJ+4xi5cgheTuwsEk3cJcY9OznUTH2q\nlgFw6xoSPPlGhvKylRXyIC1apj92HoGudSk7ieDvDB6lMNZda4M5RrQFoDZ57TTQ8ipH9x/JFRHc\npEApOevENI06kQsh75pjAXXyc2qLuy/yUA2mhA==\n'),(10,1502116209754,1502116309879,1,1,'Xw/WxSOG6ug4WDLWCEnHAdFmZigJL372Jf1xv5SzBXjFpaxmg85r/SzliWs9s+CPI5JD3Bd2A8TA\nxvONjuNw856eS8AnGHH8FWTGiBhpgBYoFQnEGegm/WnlW2qVf/FGAv7nUZf/EySiiMZg+7KcPi6H\njQH0j5tGUXjBeg5nSIYoE/dv2gVeyavzMf9iCDQtWj3qYM/ovenZtKPCe4qHlwWY8Ir9/B/eM6Kl\nYX/bdMJIDNi6dgTkGoBI+K9z7bcp+ymLWzBds0Y9troULLDNmjUPnqKQAr1BsBfDCYfBZL0m+Nr1\na7VnlAEd2h4QQb/VkswnOQACinO15gtdFrp5vvr84Rvx4wu6ZJSRd3/8lVCXClQ1QYmAT8B0Y49A\n11aN4F5gw3+o0ZFCsY48kTCQCi02O88l0vAoGByh0KNcRwotA774YtgifBJ5o3LPKS1Qs14HempK\n6KcqEcLUlnrch00SjzAtbegXUllaSWoFTwfjfBMjqRM3bEX5C2QYlW9S8dHMl2gbmvmZRM/r7aAJ\ngRamlD7R8OuaPXuO7cEP8oXmQ2Fv5R6Va8PYk+xv5/mUiL7Y7VKLYnjHLvYsVl10e76+2h5S7qDW\nCH/8dzQa0wYa9Ki+LzQr3jhx7nqg88OQUBX1AZZPWGZ0pMAN/FlrjPv6fZPG85vffp+ms0Ldw/ol\nw82Mrj1spjQEc3JWmQI0JQNqHHDsgyTdF3gQQzeMOhL84qa5toMm3w5Jh0ZJgnu2MLsZ5Ksi0HJP\nG1MfR4tvU7/QrrwZ56gpBNV5KUJ4e2zYZpkSxAmVBVgrmA5thzrYBfXEBeetJPzqKS1okDp2BwGs\n7obioVzSwWU64K+/lDB50lxG7dWJNkW/BPpTria39nEzvDRipaa+X2Q5l3MRFAxPxqzfp9shbfo0\nvHtiE8bFlK+31z1Mr5dQZ5gorpbn2nkjrYwHppEIOqvtP6kEpz/Zno6ZV9fx2LTAoc9KP//KUK3l\nj2kovsM0kSqefsVurWWOwwWGdDgB2xxNQ+dB7buCf7P2J5PCWDKVWucn/J7YmHk+evgWsqsH7ZYf\nLOekklNq6azeEIItKQMMqJ/U/c4qI0GYQPkOed8ES1UhbnxjjwNycmX7lCxiwO5lwNG/CXw5/akA\nnlgkY9nxjW2KvcmXoOTGTspYvwsJJn0YaqSlL7lvCNWa35L2VTejPlwpraXkUJOIYHWP0OfhsGB4\nX0vkK6aFkdzljzg3hWSqgtVViargjh6FJcTBol7bnu40jD8YiV3JrGOI7UqeUi1pDwRoFqSqP7eU\n60Nzvdz0wrR144y8xQHC6lodSsj+/4XpTWugxST/bj2C8cnYod2GBFjFm1XVvGZO2y4/sQM=\n','atoII7XpaXNl\n','iFBiv86clufcuWdQwpx6oDA9IHKZsP7DHcwcfEDgkoQ6CU4SAllCcNAUxq/OvyMWueiUpEJo+vYC\nSvttz0eWryuc22mAyrBXXZBZTBNlzlxqV4cBLuaPCQrVg7nT/Kg/3wT4XKAfDcroPVYN7Q2wgw34\npuUNaqu/Mq5dkAz/D/B5kGB9ZN7e3kqZBecf29ZOPyAiwXI/0hjwhhsgRejZcHRg813Eq6jq6ise\n7UCXlr363tko4oFD48zz7buOAg5bD5Lg7FxK1gXCXAExyzq831EDOxNlHTU2R2iw424CHqPQe+4F\nWN+V8yonbayv1buX2FV1xvSJXoZ42AzFgzSHHw==\n'),(11,1502116566365,1502116567474,1,1,'Wtdb9Pj79rucZngk4oOx0jYYVPOg3j1L31gnuSrwbaVP/Wpk72VXxPurtb4Ti3O428xxtNEtRc15\nMFm2T7ZkA4rgyiuQFeFP35dlbuTCovG3yX+KWpl52HwUnYp8i6PK8wD75z4jJ0cPnlAUC6+RIcIw\nEH+DZsBlWJ4BK9kDZiiuryLVK8Q483G9AxQ1C+YM+ysZ0O/pRcHu2/eCSFnHSzd+G89fnk27E5Ig\nw527BgCajnAkROSETRGas0HK53iQuJ0pmr5nk5RYUaV6JiikNf91Ts2GZLXWLLf4Tco6dKSEtCYX\nPIzQnvLw9r1W9z1Lqf/vBMSpTSq8a7Oa8wDi9orcDu4URpNaVrQoOnh7lus7K9rBdoUo4WPMx1uw\n1zD8UADMuNxRxF/msHHeOCsr/QzP9S2eaJgoU/YaB5macU3IsHSIhNQFMkuNxKkr/yh9+Zbes9T1\nT8hljLy/oR6h9UMy7gWeGmkQVUE8xF5wy7aqBCsHPZ9yf0hFP3x1IxOej4/5xCCn77uby0Btar81\n2GyeKbTqeZSCgpzpfebo0/9GsItA3Cqxhoi40IMGtdOWVm0cB7DnDQrTuexlcSBlSm4lerYfAy3M\nUvWAo0Ucenp3QFWumgAmtUSvtibWaqhYRKDrIQvEO8EFMDFXZskakwmCHUL/CyP5ZP/jrByJHXvR\nWjqmC/gnvcLQdzD483f3vFOA7gum5lEf746RYU6bltzmEiP6Ij2CUmLvDH0H7szJRvV9tF8j00QL\nKc/wUqkJZziuXqFqV96hayuKFFnRoutIX4Dg9eVNxL00g6DswgYNZvO+YbTPR9r3fliZaUp+khBc\nbKloWYW71E47NNU4P7sw6cbMkRt+I++QLPhdXg28sr1KxO6LBilaE59+MZvqTJxmVabIQ9pFnKu4\nzuN7iv4VtBDBHcqC/ZUhEZlRLt9bj6Xmx/urPqczh6gJCWiGSPOwAA0HjjTu1fsq6XMoVZL7j+fI\nGoiIgg6mGxdARdWpMC9Uj2wMLalZGCBX2mRBtmORJV4DAqqD3Qfu/2UeKuEWSCi5b495EWc8GrLC\nLP0fXk7+AGeSprGJeSWzKZCZhqNu5aW90ToTjPrG/cYbNblJuRQ/zZwb9byxjdOPGWXyEvswOLPO\nX4wD62Px81ZmTuUQJZVrI4oSpW9jPD0S03pF7fAES41xtSYDhQaKybwTrTMVerUT96j3K5vjQNNn\n0NHYNwHHkuRj7nPhsryLIZr/i+euq8xF0oiSU2nGEg0feMdYst0uicFD16EC91hPh+TEmY0LCzTG\nf3Cspo7C+mf+VEGBWbYAgTRk3NmVs9IxnQIvuWqfsO4KEDOj0opspZl7Mo/KW2171wj9/hE=\n','qu0TfM8Omg==\n','nD5wes1Ol7wyMPDJJf0a8A15/NImNYYc+t3HLQlxS0bNGlzWuBK5BqyACCpBX+5oZ4zVHhFR27Fq\nKZpXDKuGiVe5in6bNqjo6aTRuaO5xGtr1m/+LXDdWjf5aRDW+Iw5OaUep9JfntlE98lK5PeBYxEp\nHZT49AxRL58cjU7fWJel32sh77fmyqp2BMDEQsMlnSFPfY8fl4QX7ohRZhuTOmlhkA8E9jfeRTZ4\nGbYVA4nh/r2N+vEdfUTMQZ7VmkqSy3Fesd6zGsycUWrzugkCXgfj2/qL8vHsBp05E4BfJ3H9Ukgo\nfpv46+1TlA/X9xcMSybYRJSs4I4ElRAHSrRZlw==\n'),(12,1502116805640,1502116957317,1,1,'eM7J86L/KxKeINy9MMnepwSb0SP71/6RWcGmb2S1OLnFAk1ULowXmkPaZ0/iHeTSAECmsdYOLrZf\nr13j+qK2kWO2ITQbnU4tE5Uv1Y2eThc5DJAeiPYmWEiofMjostFHWsKKNoTF0fx7rkxYIZsL5Rve\nBpdUpwWH6IkLUmUT0E5aRgh5dUlX0YWvvQSLMi9zOGs3c/gnCp9du6Gv75FyaK5HB8S1stXnGNnZ\nBI62v0OrP9FFVEsP4BlhpINRs+diSRqfVPTL7trX+h7mpgTx8AxRc3GUaBASjb2KXCrd9FEADc9W\nFOYGa+vQ1XgC43RZ7n0kaTGAeQlTyU8KkkTJ+p6WCCkhP8prpRFuh7+t12emaj7FkYL4TpqdiZMd\ni1mdN+ZeMXOvVQxcWH5XwQvY/eMRVHWsGeev4Qquc+RJD2i8IBi4chucETGbH+b+t1kGck6yrQvQ\nhwudKBH2vzYsssv4iaFOH5RFUWDcPJT4GwBxT0ht4BO//u0eGL2/ztjXo6Xa4wNiePHYjYfsFi30\njYr0L5GApO7dPtxoLvlEvgBB0tVozJnf5KC2W/NkOzEOkp9qMtn75GAr20D+QEaRXXd8rkstp5Kl\nDYmPYN+MydkFmzEpHQwjXAhKtpVpt2c4wXVOICqfmn5Y9BGHT/KpDm8N+DS8cCBt02jFYE5L8KCm\n9qoDX4yezT2ulEwrkbekWBZmLN0HjqwRCHXl7Cjlqqk8GUfk9Cs6bTOP1dkf+scVUhG2c46q5NG9\nWsjcgvmECnyoJNAHqvjKfU/YVXujKDyDEN6V0Q8sSZkHFiPZDC6/jtV6J1BVnIC+ozL5wc2mzub4\nHyttQ5HKSU4gmwpgtZ81XD3PqhJeDuHAcs0AgcwxKj9DqoahK979nqCBnN7HHKc1KVh3MsvNlLKr\nS9kHJwp2A64AxahMLKD00ddcrKAbK1DeFq34mtltj2kLFUsgz5jVGEyS0zU+upkXa8dbNB1Y5KtI\nVl3dGXo2I3VvO16az5bg+kpx5SU8pcv4BBxUZ9sBQagriYNVI5b5k/mrhhjX1DG+E1xzt6Nb8kc1\nBO81drdqEVcOC9bGA/yzFy7oX8hf7Of+q8mYDkcpUXJLd+jT/1IBLu3v1NMdyZbcqzzneUAsXHzk\n58SrX2XxxxWYLCx0q89T/ACeGy5O48QsNhp6uWpm58ZIcRcD+JvFhfDt8wkC37eE/GI2KwOW6PTx\n3iafE1aBoRDxQ5u313Q748fC97IoH6mS1Tv4PjBo1iYEVidpbv9FLNE1qNSb4NRhMbV1ZrP3emiB\n62lcZx1AUDKE0o6OTYoKxqCjtaXsmDdtDG1KqzJ/QkSSLcfkcD+BIg863UnwNcFx+SA2dR8=\n','7UVXL3/ZnVvY\n','QE4433cHDnAi9/DVfLIXOriSAyfqHOq1RWy1cmBs1uarOFsab1fVdh/Yf/vS4i3PAQFKhbakTENX\nRpVWZGv0/cAug8Qj0TsB86VlhsBz93zvO8QZJJQqM+TzVUiSmLZr6UWyglqxITXwtb6+6bvFjJPd\niLkHrGbjM9gaV0xig2O54pQRpOx9CzXxGETNFSZSQ/Dn2x9kawVyrYe2EpN6fljWbLBcB7VUz9OY\naBKjzupXG7vPN/q2O2XxPuxh1pj8Qmp7uq1gZ6H1O791ERJ1Zfankw7XRPR6oTD1QC1f9stryG2/\n+p5oAPOiSREhM2KysyiOPg2JWFYqyT9J78IGpA==\n'),(13,1502117867301,1502117868849,1,1,'ailYyG/210zK/fsUIYsUbRnNVt0DsQOEILz7G5LbAubaUx+17g3/1TPuJuXsmI6Z4fBb7Dc3QUGg\nIpIKhajxX2QaYzasz7gfe6kZaeROo78OFKv7H3uPdB8XRhgRACDNRUWbR7W+29ODNnOgVthgFSuk\nYresjHEB1+f+awz6zBWcl/4cdYipfOvoQN7RXL+ZAjI7G5KGEbhB1WnGBXyLQ46cXgh4EgpEDXmo\npxbu9Ql1KT1mn5chJu88j6BB2bbOFLpPzGuKW4zC4A+gURd2W6EDq1JqflBuC8mIw+vCq40nlBxH\ng4TdDIXwZLo6ct6yXG5QzbdgZtsrMwlq9UP4leE42zs0oS9VckUNkuR1Fd820t/5xxp3ciAF0cS+\neWX78wzavF2UPwqK6ZtSWttbh4YO8douak3zkt84zl6SzTTie8OMl9occIovc8XxnT++binhDjkI\n8AqJazR4X+lf8WQlO+3kAuTOI2IogbyAmr0em40OOoUrWnzgbLgq9BOrT7IJC58ZEMJW4wjLGQU/\nETY9DlQ4GRF3TLbNB5xdEoV4eLwYXQMotNDR+tH2qKOnvYjTO1YAxvxCSzDUxz3UDWFBKIeE3/f1\no1Iqb9XzuquQrPtwrAaavro896xN0+5omYxxRxqzOAz/jv1uYOs5vbJCem/zKEYS6M45rSnSbjhq\nXzYOEA3EgCTux/u+4QtJs7Feju2i5KRLh2gv5AsD5Tq2HLi5NH1kJWH01LreoJnaRSv89W0Ee2bw\nDyERVjnF0ekJLP7HgpaNYelMTHgnZ0oiqzPnR4nJt2yHqlXFnOExCYM4O14rLsIYn85CYVUAzj7W\nYsanTUwxP98RJdeBu9EbIwhcO9qPJcDIR0JKMMCt8Mg+hUoBqA1xsHAWh7K0lXBof9UOs223/Bh9\n7hf/DCoMuB6QHSEXFPvkHAaf9+ENFgIx3MDFhX+VuiqYYYUDxMaXX4D7t9R5dGwd6MNe2dwMNvE5\nYcTO4aoRAmBVnqUJpRVOGixXHgFkC6c6EwcqFSWnc8f1ZmGwA+hQhBlP7NUBRgr2QhPShwSE1BUP\nsUtuZdNNuOuM31bzfZdHMn/XZOOs/DOhL/aeu5e+4y6f9JywnrlyiBnF6UiPpW7iJTzvmU8P3Kre\nY846ftNIFCWg1R+7ANqjU/vn+BSnliuM8p18GUhT7FQv9DkLN8HJ7Uqvl7nmwDlSlRxMY6vgsz/1\nNszGmX50EV64QqpQumk9C2GkAUg/DmkAHd7FYOx4sZdmu5lx0Bg+C76/xh0N8/QJKk/xX8HF5z7J\n5RUMxUdRHg+i3ClLltEURixui2lEpM39kv/hgsLs52RcX3/KaaijryvW7f9ka1syacw7Iwo=\n','UVxpqMum\n','NwKoiR6qbjay9IdJFvl0rJaAJ/+ndrVo9VD0D+l/xoFFyvZJczgkpDCgHaPZXOdbqV2OUnlW4RNk\nm5GEX3YcVL+6+jdeviFlpgJhfZrWynrzJNPQvNxVMfLqj9BNvWbAJdlHc38zmIQ9Pr0F+S4q2ggF\n4fsMvuwA1Yax0tvq0E/ThfqE1M9ItwEJyiawZrbttRiOJdFH6+XQYB1vj5AqiorR8MWfcLWu+WuI\na+M0L9wBTI/TRzvuApRA4utL9i2dszYE7PSAk1ibV7oH9Nk9RBMGAaez4b53hyLWfDk/jBOyttk8\nBesCojP0cp+k7FBmDoJBX2W2cAi1N9cA5U/d8A==\n'),(14,1502118084385,1502118085422,1,1,'s/TPbh4KogebyHGFvL3eH2MBQNltXPTkQ5Tih/NDSAxQGeV6YOfoN5e8h6EgovMsYuVEQiqpZR25\ng5ZDzR81p64aDx5vt7g6qGLVxHx0sFqq8SdD5isTXbm96GmjOYd+4pMXe/55rmQ9wF2+rREWqDsB\nY7SBm9IIxfzhcLvNkkUapX/34L8Or3K9px7JMYALNnc2zFTd29KbLceoNpDvv4Zo8UHWmYfOkdNj\n9uEgvxfkPzG3VFb844UPSDBZBAxRqddL6sR/nznxEl7brIJ5RHwa8Ckn3K3+foM+I2aaPik/rh09\nFVqrQBVJydcna/2NsSDjUeS5z2WvADfDH8Yu9EWy7NqcMuwsZ17rt3JJqTcnPB5cN7GuRCJak9vF\nbDSZTEwRCIUzgboX8MQJrPJXRFNvgSLfNl30O7qAk/MZMNTS9yEoyKrK2Ww11+V88dwC6eI/uTOF\ndYHj0v6DhdFAkyUACeLDOrLRgK+331/LDv/MN/P/QN4FryMpASsr159H/XtS87bCdW4YYNTBMaVw\nY+tGNGd9A18lPJTB5qetGHPjIYbVXEexsSaPU7SGR9jirn8mc24Oz/uQ16/CAW6Ln9d0NbLdM//B\naFT59vhPXoE7EaSeXSoEeWCVb9hdsCOArMxk8ZJZyDkzml//uCqVyVP4VavO5rEzaPUzHi1KbcMz\nCsW4Iiu63EVZwQobsf/yZ4JA+DxJI3k3XMLXtDf6juUrBRCmLBUEHgabuJYwVRtqXUAJ0iKeNnRF\n3wMMrnn6bR600BfbeIIwGJs9tcm+ma27K/Zzs+L1RGnEE/QjXKweCLAgMpm3C9gpiip3ky2mGaGI\nGzPDB0A9ekdeFYc3jh92kMdZxAq/u3V2iVThJ2OnA74FtC8WDfFV3/UrVYfVyBycR3AnEUVzGflO\neFcAyhTl0rZ2PMAHpp/h4oHn9ip8lclMdhAMmLMzI3OrKoNtCOJ1j7qM8kwvaKeoPhys9uyF8epP\nhZHVRpHwiZvdfgaYzI2oa6UaDkcDJH2fI7WmZIqO+RXZTLFNCEoFJn2pAEM7gpaEGbmOTwD8/DNs\nVaBeyJjtKnWp6ZkDFnRvtapxPLows2tI9FK6VNFDqvf+wYN402IlVS6tBolKD3ZGDIK3FA8RNvBu\nNWmV2TKW1yAlMTrhYA/UK4DnfzAzE/wePAMnb/4elERqD36NX/lhGiMcoFbKurIAsF7NkKOMM0Sq\nMjnSDfHeEvsv0wD8ePyDKmqE8/dGmfL4DJwJt0LSrt8SsFrgHglPS4ES5wxYBfLoo/h1Vxg42t4E\ngrVSbWGgqTu/S+Wyu9OQPjBpG3ciUmS7k6G+HKkSzLV0G0a+bqD1FNq7UEO4Ifpr8h9fpxw=\n','HpA=\n','RHK/zdJnkKXklS6DJQZiLB55PGNY0yaP0E1IAeVjhj+T/ZsJk5+mT+hHrJ45WJrwR5kerkVHnY2N\nCv8JeHqLPGhvkXaxktgjnuaHMLxfi65SHYtc3jI/aT1mRJpt0H/lBZMQX2Y88AGx9mMdEoik9DMs\nE+YQWOlrGfk0AhqF0lA3MCr7LBuAdFAs8fT+6OfScLdQEsHBHrAIGlo+TO3nc0RxoiOESHz13Pqe\nIudQEp1aZ5FSiy+AEqsmDqaw/p5ofxc1gfEy3g0ZhG+Sj6CPO3NF+fSEbEqyd00p/vSbjAjOs/qI\nsAoD/cfyBQ7KzubrzWJmsdC5FzCHCGLZDswTIA==\n'),(15,1502118592659,1502118593686,1,1,'YZv81tg+PIO8o6XDWK8Ib8jf45Yk7k3DTG0LsP8umqleIhKF3gzqC3SpmneE/qpibgyXjarFO4eW\nRFbY/vOcSoSGqGKiUlt/vQXgU+lHYi5pvPSIjWqqd45IDROJAkOkooupk9doEzUrpBithbAOg++M\nNZTqKlQ0UPo3hjLMyKv+nGLDqvKIv5LNShGbTp22REyPJhWp13ToBFE738Z1gtErw7iF3QhTrMo8\neCqO9BerjP+YXysWZkFIyXBJaudCUM2anS+cg0V58/CTb5gNz8BWE0KUxzVF1cZJYZcnVR6qRfDj\nFtY1q8kxjKk6qDNdoeETkpA8V/TPu4f3b7j5nO7+Duc3n08ikEwcsXnfxnU4qjbM0FPMAc6irbIl\n4YqDCeTKl/6CEAXahm1D52XrHTgbT/HK3MpSEKZL0q4wAwqZcxQsa2GcH2t48AScTglD24Lxjwqu\n+HxVSvxcKpV0+XhFOpxDmO4MS4JyLaO9Bv4nIbrEqrXV2pigYi+ZCv4lAMNiTt2iCzXMou3o10EQ\npSvC4eekMSHUyh2s/xoBrYvRmHmO4fDdkrJqH1OAN1MhOanZRq+q2ZBN5HCgzod7FOrS21NEpBeL\nVMU8L4AcacZktE8SUYXFbAyzXyZuUxHpNXLw0PVMpFF5BWa1mdF4M/oDviJ0zw6BppTCPY1KthId\n9fKmqsCENsHXG7Xwr2gA6+9km7t1/qiWqSl6Bdp8qLx7LQ2RLnTZvhWUUGR2530r5ZdHfK1sZQLW\neUEIpHehfcX9s5Vk+++hiIsQKozea+KEYkPvchqmvpIMuhToBP/zKQAjz/AxMJPGXsbJm3G+fQOO\ng+kP7VeyTPx5KCiRpvo4WsUOPk5I2MM3AUvxZTHqZwqCGhYHY47DwGr3PiDlLH/05t1SPQgnNfn6\nc74ZE+ZKVte9hB+yHKiQKFPIqY7xRRJig2PnnOzDDV9Sb5HnN/EXAspwSsEWNa+mrFExntNhRsNY\nvOLZ8KTVDCmmqNQ+VISB4zXEeLyzzwQI87vkwSEE//OLa4/8G1GMZR4JpXBFQuuuAJtuRgB6AJOL\nXp284x/HJNc3Iks4LvPDgOkEdgnOPiih9WeUtz5A5YnFqSnOOM8IzL7O5Ssm9tNMeZsQkMBX9MHe\n7b+EpONHlsxKQjVfAedCD1MqRWWa4PTKTc2q9HtfT7unS+Zib5Y2sk6k95XcZQZMeAtKn2fijBQ5\n0aGgXdbBGDb06/HY9v/GVwcMnFFQw6bDmb/1Ix0jPxevLKT6jkPCJ8sr0d127cFL0EHEklKtHegs\nXuhLC6nrz31G1N4dCyMUNnZ3QpldU65iOlAdkm3Ox8g1SMps/HnoNms5DV1michTWtxe7g4=\n','2WS4wmwi/A==\n','da6V4tfCQTYcbQ5Rtsp91vHWORZs2Q6LzxANAuptlWbyT8vkMb1Zc3eJpkXRrSZIdb9Qz4S6y4G1\nJwmO32o/AS5OwEqVBZFFwUu5q5iyvShazDbTOFb0PD95hCm6/6RXdosshSF7Lgmu4ejKfyH2YD+q\nfWkQatRX6RoS3jZRTdkTJJJm1fUW8AzSaowPrPD+0YvcHZOxtcwy8HEIwvdaCrpSaE1Cl2na834R\nitagHZOJzj7+BfjwkpC65FDnbCRczFqVidnLH/4XATU0uLlxJtSCvgXfHMu+AgFgngIAbGRzjFze\n12FHvgak3OhfX+0jwYck/mYw7qzty6RHxjUxXQ==\n'),(16,1502124122487,1502124123669,1,1,'idGiikz9Qyxji3Xyk08UfcW5/ci5Aa2BHnz9gtxljNT1ErKn8EbjZSECwK61KF85LbLWMcPVMAWS\n+Ui/0hO55+pudPUjMNMp7R3UIPkn3lNM3eF9D42Cr7F/q6dT7Vv8cinxvEdvu6uNIRa5XKH/HNzf\nA+xkz/E7XzTx/si1bEFQMi0CGuewzYgcdxgBpltNJWiD3ZDRbDw4bBNKiVE/DMSQIR+2lQXHrdHs\nt/8LehqENoECWe+hNBPZk2ErNK0eYZjZhVnQUjCDoyJFf8s3X8tWmhgbj09wU1T10E++aVdaJc91\nhCMyHNsSXJRiLpIZN61g8X1PBSQN994cVg4bqm0+n10axOiIuocDMzETQb3IuR1jJztT4IKsodvl\nEfv82ii2476YU9QuaEnmHBDT2IwIFMBz7MDlP68J8PEuHMiWkLdepHiEyFEz5FTNAXXlHoLjLHD8\nFzO1i07zXqQczqcJrXPbLEmG5FN33E101qVKDUi3/28SyAiLdOBNxM0XG64lrGUkgGUD0jgFBFc0\nVhIlzH98pLrQ8cfG5aDEPEMPUc7s/SHC1T27oKHCQM+qduB/87MStXdvpdfxODHbmNkj6NYS7I8w\nhjPaNRrcowkf3+Vp1ciaZ6Qq07Bm3gPw/NdQuaz+CshqZGWfqs78I5r0Tr0/z66cdhzZLcumGN25\n0f1PNWh7yrdyUBju0apePMZTUNSyU/k0hNsaUQuqELJ/pT4BnpuCox9+m9mBr0qP1r3exEd+QyJh\nycDyRMmjhiiX52sD8wmQLKe5rCiVFYul8uzgtJ3onSMHlLte4cHi4oOAFiKAJ/d/19IFy6BnJ742\nCAfqbD+N+MCrlf7rNPSBoNrwzPoK9AB4wg1mmZPf5asX/hhyjSA7Lpv0jH+7OsuwDNd42mOBNpNU\nw1TFaWveI6pSZj99KwbQKnaoKBICmP/+olBDwvWpYPE7fp9+tE1cPGRBvAHUFt5NhfdMMCnVr9Tr\n39qn/XIjSsAfR1mRsC3gN0GaDYnZ/eVCnzDlIoc3UtJYTbq+hbRXI/dLiR2G5h8sy3QHEaj+JncN\n8+CAQ0A7HNsjiGjskidTyDPgaEw/d6yK4M7vFS67pzSo9wNRQPiTEbipnQ18EX4x71cGwyUwmJlR\nSUtm+9ukHKEHEzk7AFug/EZff4sUVWZmNc1+rbgYPcyf12x/G72QcHPYJnbqakOjAontj1YBpwSI\nyy5EuOoN8tMwVnQpeUwa8PjErjOVClqUe8zQcTtuM+jIeMETBSTrHmHriCUQDU9ZUkC8niGQab/q\nq1ysoY1LB5RbnY4EKIFIA1unOuHhe+9Nb4qFhkcklwdfhNin0/CmmBi+OoPpNkRGJEk0ex8=\n','QDIoOJw=\n','p5kbBCA9epwTyEVZmcS7Mr8rmQXCCd5bIdrgQjj6JjcHFun7K2HlczDnfrUH3ItjjqcK1ucH2t4e\nP2sj74tH6xh0tpUAZ6owFnHsYZUiuwUUxrDwfCkkn1HACwp+4sccZN6sc8YVJtf5PurHWgVOBu/q\nPXSkPzFDhm85/SQAuZGMvDdyx3iD3JC2PNSWMd9W4jhP5xEyP1WCvvZi3Za+FRurPkbufIFax+Ye\nYpgPCB6b6KtvE1jHszE38EBWxWCQIDm6VFRYD3jqLZgKkaNcRvUc9O0x8/7ZBVsDkCTYLSXyXHrT\nFjGZJkF3dKFej8QE4ljHMDj8wA3bPp5y10rCew==\n'),(17,1502124133716,0,1,2,'FCipwEfQJJOAOPiavk5sp2day9Ra3YR4I6L/JDphhY9rM23e1RmWs+dyW8nPLFW+lLOzZkIXQF8s\n82oypL/EogFvdraagXwljcojKnccGBV/97jzDSjuHzz8eaQ5DmgLVZSwLyziVASXUJf53OPyCtAQ\nO34Rn2SStoCwSfBJ9VzjGzlc3G/cGHx/VQQfGqF4kb3uxcWbKyklMVnUnjhjn/pN3IL67ht2rcOh\nryxsUAPjDxH4zoWaccjD9lVFCpMNvRkNzuiTW8NBbtMI34ybdSiwnhnHNWyT6q56e1l3CdmQpBHd\nQIQdb2svs+S4MSikWvoP+QofTYW5OlzbdZFp3oa9ZAr3v5sQfXTc2fEb8SfZaaKDUnz3sT1d5IpY\nCpOaO/b0OzhiCDNAIIS9mes+aeZsgR0QMAwqBzBq4THMw4Cu/cgdRDrcLiNg/MKyUhxCCXrtgzaU\nBVzu4nYuU3WaKTq0y41BbnzD5HTxE4QbvAyZHZ37TQY1dxrFH7C/1l+2Y+z+Moi4Sf04h9RRlCH0\nX1UyvrJZ/S8JEXE3nmG/qCl1J7kGU/DaXHn9dqAgveEWFuxhNPBLRS/BLIiI/exQXaMKJ1b/gJn+\n0rqnfNIYeDTpckrkaet2TxY+q38pIOUTGhSKrkD3vbAlo6NKZohxR0fWvPZKgOd59KU24ll1bOIk\n1Cr/9homcwOA9vABVO6f9zBGsccdcbKpwnBjg1kBmcj0GDs5LCRldhVcbeJSqhNp9dvJZpw+VDBU\nuSNlNbYAaVbtj7InEiw0dZsRP3jgTKErxR2KHSCFiFuPiPsYyQK9fqWLePLMZk4IH2/c66dgKG1Z\nbWUQa6Ko87EHM/fPO51Nkg7qRhnivuHHPAD3YBLTCX+bl+rgR/kG7hRByqkFH6q1YmLx+kYRf7mx\nA14NtQs8ylzQzFf0Nn0+jZZPUaN2Vfb79ac77aZEZ/caPWXdapU9hpjOJK2yVfa0N+ZzEJbYaOJD\n2luSMvhwt1Ukug5QbU/bEgOxGcjZW/obkZsjYqPM67YUr2jVtxp7XCBYi/eS+ugH7wRl48r1Eu+R\nZMjy5G3DEanXnryrDzbDdT+CwT4muC11bzXO/fRnOcQ21S2xFt54M4TbrGJhxPrgaK1pj99wyK4r\nBI04rnEjHE4vqltYgPvFJf6OE/Q6bIY4KvD/tqZdWYDOTBmvgNixGOd3cWeov3QgQm4TysJNW0je\nAzcS2dJiBFv61hzgFv/7Dcn3BxwjFruCWWCWJLpfOfKeGz8gyHc2iy6bEGAqSixfkJgwXTjoD0rP\nlGfe1kqhcjMCgBrXbaHsYigdBG5K3EF1d6EIWS9FzbV9K4lF+rNpSF92Y47dPfkJ62rQ9x0=\n','Xy7XTw==\n','ahXGqMTZqdbT9nNpSQP9SesLx3q5wnvqIgI9X4GOZ2bu+uRTm1XwYM0KwZJmQ3SwKTp1Rgdr4Lsz\nykfppIm038jl5CWb/11Jy+WspzXzBbL5VieIvyQqr7YnbQ5RSNKu9VVCY1diiAkqQGAeyNQf5smL\n4pPn02asVqSZUQcRlRxMVUn7gmLZzo/TsXNRX4/R9CI1o1ALPDXmTvgLu/mTiegDh4aOWgJ1WzQR\nXv2WbKNqstVaPM0uDLd+AtoDsIkD2Qr5XaxAnftoGDoQF8xrVaVHyJA2xIkKWUUMgqB4oGvmZdN7\nJtssmOUzROvQGP6EhaW1xhBQ+wiHogMVz1+g8A==\n'),(18,1502124281759,0,1,2,'ZiLASNuSziHB/3nSQrh6eWlBqWWWa3gAk9PiRQKQMEZB7h/83zrreEfj5uKM8wsIDnQuQE5LT9NV\nYeln7MdyPhiN8uxrNQH8CkaSUOR1dPKUfU17ASqvFE6iL3LpsmLXK8tJFRDSeHBnBd+cEVWnqYTV\n/DtS8GXNgS0wVGhFJIM+3k2zbFXx6TmN7BiKfJQdM/rZeDdMz5XUgZkU67OoNEOTeEIu81y5dPHl\nSx7FQhEV/JkfVnJm5ylCqgwIi9T95l6yIfo2VzocOQ3wIiuVoOL71RIdD4sTtPrmCAwhyAHO3Hga\n9fLyrkzR9yEafLcEt/LkUThQ5DpREbJuNEo6a+nbXoP/19RsP4+ExlaHq1JLE4WHufno87iROjTO\n4KrvUTQtTcW2rNSyapKfoTHbyWk68rRs3ax8OP6d48Io6ie7q1rGOCVbKhfdFjheyvsVhjhd429F\nL/Lo8lpSYprdEp35MwCcLr3oxLlqLiuAMXkCQISpEXRR9QbBoWnnNGHDcS1SArSHuaWaZFe8POrd\nB2UhTfKXP3n1ZbF1MLbSL/kdw5bBecJvQIatsXuS5jtyZbdKZNltobB3vGT3fbU/E+asv+A7MtlO\n2IZWwwj8CIsanWkwhLQapMOau8giri/dLfSSc55qLw9TEo5eJg3B58v4XO4h2GDtrVwqQpHAcACh\n2qDO4irxVGjAzxLBQHKcSNwFDaBf8C13eDZRDIDLhtHkRd/m0GDj57Ovqps0nNmmrLAns1LtvFxH\nKfFolnjlreMknGsBf0pJBywvVWMoyoYrSalCb1RG8axkLGfU+UmVRFyg3zVcgDzpgNgvGOC6R14y\noZCYywP0dRDB7MgFDvg/yjR5l0Fv9XAJ2V5+BPrpcZQeUuJ9tlEnrb+VrZ+rBNHzJtSbvOdYyXb8\n/cl3F0A164m4s8n+Yh4IUd0YA/bKb64rcNuMyvV/bU1QGJoQfIdiIPeJ0ObTdbF/7oGmCyXU4aAc\nz5h4ZLp1wcd9oHHXu7R2IBcbTumMBaXz2cmMGzk1sk8DAX9/Ea4awDiNl5Xc139mjiF8oFRPCRnb\nun4EEguzmXUQAb5+CJk5eSiKPb7qdA0cOfKmbwFm7nPXR66PddGUNJ8P0/6RWonVeoGxDhf+1jAQ\nkIfbv9Luwy9bdAJqdSunQXIUM55FG5UaRvin9IfsyKv+NqnfTw7Baf1v/zj/p7GwBs27VUGNCmCZ\nWdI3g0PnXF7VXo3D6qzRIznDBxwcKjf7Yhlc1Mzv70uRh1cuDkUuHJMLRGggxdwqErEJdq6xBxtW\nA4k/30mlg/wP+5bxnlqKHOPAWoKobnMBimJwCFZzg5RAUUOQyDdF+FzaclARYPjPu5M07Q4=\n','S7cNWVs=\n','YoLGY3iQw+v+vn+WaxB6ICk/PcHLnnzFhZ8+a0MX0aEwUfJGsClQr7VGGyDEt+QCkMwjYPPhMgFx\nz03Uonf+21woXZ9JvKTeFe4Fdyn/+LXCbys3ea1f3q3A7tPqixkUgd3udsFAFcVKBicG+iFqfFjK\nG7N5jQAv14tdHWsQIeMN0DrPCOa1QFmLRGbXt5qZMeuKi7uFhCoZXY8LGKKsmYshSyXgKfHFjEQq\ntQAT06mfeB0OZAOsl7fPpbOVnsbHlTBd+BBiByxxRer6ELCQShVo4OC1318qnt8oXN8ptv6tX8iR\nOs8zSkRZ1UGfvFOAqJAvE0BQ9D7z1GyOxf+pMQ==\n'),(19,1502124801885,0,1,2,'G2pz/UgFnnYF/IMPby+T2K6PdbbrfElM3fatBQAtz9kBEKm9bOovOZmg+a+b9LAiWxtqaXnoeF0T\n9+do55vtqjsH5B5uPtn2EAGYk+saBvlA5gRCNCnb4hofbn+tZ9879KV6t0zf5LgOZOTRzwFhNS3h\nr6jkCQn/5xk8hpBQkc2DSZeLPf5Fj/2BFWMTEj3x0Cu8Z73qZbAKR+fu2JrIK75aVsS69NS9chU7\nLU8PC7kKxDMiaiQwqVpXgz/oA3u4bLoG2iOacnW+PQjLZd0JINm4huSklJPB7EYBERsBJKhLv1r0\nOkQlFSmdiJXbNeWllb1GBup/vxH3Qm9+YQIUYv7tjhvRMf8YehiT0+qEXb2muynkSzk7Dh9p+c0h\nlMSLPw32OhafIzAlOteklv9lhnrSZk6cBzf4Rwwn2b6/b+pilcdJQ8yeShy4Qx1t1Fj5IYcbnT09\nx1INeG1SufKMQTQLviUIbOl3qNF/GOMbue5N2ctjJ1serGoit+Ads4gCyNsYfOUtN39UYi2Q2M9u\nbTscqdDyxdYsUy4bFO8goQrn1ythM5mA84J/xHBKQppMxjyLzCxaHmySviV35BNJBZ8RjX6uGlaf\nDQuX0+IAxH/ta58nlCmeYdh0FBZ0HtZI030LE6uph1//qUpqB6oXopGGKf1iQG5kkaLhY3AaxVYa\nCmDEA7aP/M30q+/19hm8Myf7bxoV30UY39nWUCIBgeskqGspGO3EG8mzsOPhcTzKA8jbcz7P+v0L\nqar2JYPq60nXJgnQ/ZVCeff5MIXIKMMnrGjNdPLG/qEs/qy3VEeKpP6MvDXRDLH2YvqPBWwPyzGo\nGdPrzHFbKFgngz4uAFU8Zs/7C5MboLXPq0FVDJ+copZslxyBOeSBvf0x17XMLdcSpQg7CZwdVfyJ\n0DhLtYGPAR3B+e/TnPVn9OJMdggaq7Cp864FdYQEkBN//1FNCrCMcScq/MKjV9JzJO6r1nuOL/Gi\nd4fUr/MVIRHfuAEO3WMzflqmZFR3Uuh9P+VZcA5wUyiQbR33LzUOj3wUoPiQ2uJbVAKft+VZBGG9\nZZJdRt9DYju+ayeqDvSbm24/J+PqimaSQveDIgJkt2eoubbxuAhNZE8JgxVo/oA7R1/Ctya/1Qec\nesMIjrLd1cPdZSF/O1LRiX1wryBp4UZLKUQra83E0s0e+VNVZ2ou3dw6HvufpDT6X1kAXelO09/X\npcO0rwXUexYBCxtjaDKhexZiHFFlSn5ESypTkYHlVVSx/Z0KYo17I632nnMKiE7Z6xscJq14/6uZ\n8ZgnifPZ4QNqnY47RUiD4SMqabx59Odv9BC09favDVd1BX75jcovcM8X71j/5LXuJrOUnQk=\n','iut7WA==\n','hKr8bdVZHB3ln55wNS3LcXfNhXmvuWTpGrxVUJYZBzAl4ph1KQcEEpUMsemNQYiDzFct3V+pkAz1\nuuVm5Obdr5NpG7FFMCdAGkLFyGoBL/uaVFGIYqq3aUqdT9vbvlg+K2YykRVrodhZH7oIYvprGX/M\nXnyq01AZ8os3F+Jc27tzNAE+TDrdBkOPfzJ59Aba9tWhk4YjlmHs2OXQAPAUEyp99OVgHN3qS0CT\ngTOtfuCYMbOmC7ZXNQgUlg7VQxyAy8kYYqLJ3AjOWLhc0Pt5fHFHp0za0ttP6BjiZRMdEo4O/m40\nLgSiDZkYCl0ycyE6gtFAJxzHjYay30gMotGlqw==\n'),(20,1502124893030,1502124903453,1,1,'QQ0CLtVF3IDmmHH/8L4AyViqmbOOYDBNJX8E4xYQ5cadoOgwT96FuBCkt1SZJpYM3h2jYTtpDZe7\npqLkOvcKkSxptwcPsl117nOIeOrjECZDK8qkBFewfRzIJNrsW7d3cnH9KLBbahoXjZson/YkvAdI\nQ9q56myk3mVp12dJ1sSqLJKpm4msKyMS7LAUK+MlTlbCqopkB8dJMcEIuKdb5rj+2Mr0sKm6KgiI\nMK1cFX6v1hrKfDJ6oeuCKuQD8MtnJC1+CFR05M6HLz/dl6RwCcYtT7JhzlqvinADSi+FG1hUyvms\nM5S0ki0PbtXoDp1L/o942j9QRfbuPVA/CjBdZBtQusiQ782l+eAEVA1BeaBf9h5upjkSVJCsCmSu\nnl+0MwxD15uMbxe/m3hsk3x0PU8gxE9KIu81jzSLMSkbEcQuCVX++zcowt9/rAgG7cG9g1ZTy6ai\nP3kIS/j4O/+AfeMZ8fVdCE5mh5q+X5FPRtdIIhcgOcLkAoUJ//B6TwbEDQFP4nRwKHkTCAoGOjgd\nEmJwoI//tK6btX/oo3X38k+yWKOPLHEPGTbX1fOgRRw5/ohtdVL+HBjluKCfFIYpBKPhR6/exTQN\nDSjnMFS7V7YxJPobYjuXs/lu2rPUjIOwmxXcNXSlOrQC2lAU8ARMBNw68AqyxwuIfEmXvDRZgXBU\ngmWKOIlK++4FQOslS3ecwn4r/6RRg98/p1U4QtCJvEAFQaIu6ZYhiFa5sLfrhdiykHGZsaPt6odB\nd8uTXlInjD+rtnpQPldiJMrXKhWXmMU+QHA/v+1mkMAFlpdyb95wtXrWW1ZngPML6ctcHp7zZw8F\nqOtuJC8ZGPQqrdrEC6KklwBSMlHcqCV4ZkLDEileijOsxcV38gG/flwSol0t5HbR6mhqOozrCAGE\n+Rhy4lVRfwhp6iklBgg9lTQPmjLF9i6GPH5BivCSa1OUFCbqDbvUCOUtSVRXA6i4xphzt5wP4QoE\nDLJp0JDuE7KqeoX44U7lFsMZNQdeb5ByZzu9CI71rYzuu+WxbUSOKuGUOKR8DnE6eI3+cWQRIQKj\n0iXHef3f9mEMKMSlIzV2Dra81Qbp3Lu41qvN4S4+UYAjDsluZzKlXkNgd7I9LjrXkZ26Lgxx7++Q\nf4CRQlVBZGSvnwEPeYaQYIkCqw2D0Rw3zSYTt0AwIgChJwHN8ox4wDU5RuHKlZruroxCi7xKtKE2\nmJfjPjVP5ra0sg5MRj1oCckMIgX4e2RlUspLtVhYQTh4FKhqopYYzYOtP9v/A6rhqmZn7nOph5fU\nj6xaTNK0QtoktdloO/iPzNd0A5p5cXe8I+k1o3BAISJdFU+Uz4WMl19DI+NcD4WMuITCkAM=\n','qnLcczs=\n','b6BglvgpN9JRteJ3NXTxclh4QwwfMfdVjGRBeq4asLPAxOO2cx0lom3oe8QxJ00rH+kcpdiUH/PL\n9OFm54o++NX577zoPz4qOKdcPSd+aNCcmlNierJwq/QQPg4pglqKhnxREFZrkqcCj2mtWMHCpvMJ\nMUIbNsQHZq0sSAZM+vBVN18IU8HDWSFqUsoUxFGX7v50la1GP/UvJH63iLyzQeEsdM97mEmg0UwS\nwj7KhsmwkLFcBkyVeWKhmZruz1Xv8frdKnLcG32tmv3cDE0EuVQ4Mk05KEoi/ZBO1vaDeEk/y8sS\nJdlZS++TC+dTZFMLee+afQF9a5u5qETFK9aHhA==\n'),(21,1502125316774,1502125317809,1,1,'mEfXq23zc2M5O5WS4FdQR2Oy/SrOdvWfXdOihpwTLCWsbEMD0a1s8dGyYLc0ChlBF5mzV4NhDVVR\nTzJsjwQbWQMm74V15EDEbm0K/wHbmQRQtkmDrEKSxHKAKPY7cVwfhlP9RssUwzUTtasyi554lMvu\nkRuKDMDJObFVXl55p0cXR372YK4mwQ6e1+juYFZLju0uwNCoTQIFy2rhoO7Nrz7z6TtZwAunttsA\n/qE04EvvX4HkVQTUpFILbE1i6Me5ReC7RFouuKQa5o3o03TOS3cI1+s+ttuWVBRnsTMrFC9cRUBS\nNpUX3GDdaUiYHY3g6JUH9im6PWYIPG5rS+YtOU7Ai1HUKI3WoHeRdFKgwstL1SALoN1Xo2TM875d\nzjHuQlxVDXRAXJBWCpJZVV8RzxWf6cnYgfEc3PQlwRDehXBUnOFfX2/i7eGUJiqvtlypc6dz94fr\nFjybH2Ke8WudOf3SjZkQqlrZKG2sY32PUwFiVfpVhSSpTmDYzsBa2LkaO4854ulerww+Xs3qPaPs\nWX1GUNK2Rkk+O/ueJOer9w3i7Mw4MbUW8a+pbvVuzl0pziYEW12CRIH5rxZ+mTflPFS5g1g5y43B\n9Bd9OOhXCcaXCcK1g7DC75CyCakShIW+jd/vE3d3ZRQNRvsQYEm6h7jf3LTc9B4sGfZXAQtXMgEW\nQwF0roL7Nu1FGP3UVHAEN1H9NEUt2J0ebWnHi1XRW9RsxgFYBXsfhKtlAREuodjVeSCK/L1ZjROu\ngeFhynHxkXlGRPQk9NoDP8JA0j5lY5/TVw/yWZK6ARvQQCQpvtaTDioOJtEpI8r3RKVTs/A8zp/F\nWCZ2Lcx/HmY0buVo6W2pnEZNTXP7welZM9x0GLM/h+gNFSNjfDEek+3G9TP4Rw8Q+7VHPsSafiCa\nSx3aCiHzgEYewLsz5EeusPa0yTfYQz8NwMsgysf3P/waiQR+9OtXaDZtfmjP8S3MX4kK6qx8w9Ow\nOr8uJ/TunjEdAsyb+ffNQIjypeSRb0fAfTBmNslRj5YyzaMtTHssH9Q1PItOdz9sH2uqCZ7evKBb\n+Ahn+DR6vYXR5Vkt5/LQAcrY1ujzys35UTyp9zcUdEUeHVdFykylfGFmbt7heYVIXEiQ3SmQjeNz\nIayM73XAJq9AhANQl2/rVpVRIZSvYX0V+X3YKYjlocMvYxLcmNowBxPpqF5FDcUnZYb++fz2Ip9+\nMXkr2CK09CsPY+vGarLnRPLnYeFcx6oYv31faEsAFN+42w9BIIkX+tMbM8MFFy6J05RqRxyWAI5z\n8FvVR6NPQ6+TUrst/BlrDXB4lg9zesMCOfJy0EKdQzoUSmge/0RRp7zbQGgIDFREOMc0fg8=\n','/2yYmw==\n','Iyd6YW1hqJATkChN8Ac4r+ZbCuDJaV6K4YrBYOrC4iq3Sj2fqOZ+H7VT92DrRMeUsza2xrUdPzSD\nDE/LlrPWKWDZRfjWwl6GkhcNu21SZ81uXyaNhP6FgeG3hLk/HDmEjVrMGR8QWX9jm1WH2XA17yHx\nWwdgIh07Vm+v/QhYSLXj30M0HyHIcMnzILGrj9f+nZls/rFT+9lyr7gGSMK7HPYpKTPLQcNQqLKW\n4HtuJs6ua01oSLJPf0bKc10tK1XHhbXvMvNTI5G0O99/7+ikTuI/lGpNttTEux/3DBNEk06G7LVB\nbmdl4Ccb/ML1aj184biHF4Y19NfZb7fip5++Cg==\n'),(22,1502125908909,0,1,2,'49JYgnC9lG0FpBmv0E72NtTY5f+oU4MQCyVZNpy74uNbPtGql/0oCKXydNwbngO2bIIXiZAPKYgB\nSsbDEP/Gaj8JWhhSwiI2ADphtfIsBBqZkvFgkF0z62zQ5cSTNvWjN6gLAa0/cegTOJBko171cscF\noh7k+fOEOg2YfH2528etVYnjMbDmEL1OE59+H8vSzY6kV3R9e/tpjwGGMkuFL8p1may6B8s1n3Wk\ngEbtbwfQ+py84NtfvQLYrgxKLMCL3IspKeLuwaWfH6MKppOePInYlLTRIW728pZE22fQKNldFTPs\nbuRpgtc4sA6OqQB2I3ebYZRvQ7ocTrvhKXiMuH+gOnHnbplQZVIPtQ+AlWPaU0jkXOXMCinlBqqG\nwCVDzW8W+uLRlCHkLAGBujjICLC4ostIEGU0xvMLkSjSABrPhBPyRVfoJgznBGYNoQAqE0f8mE2e\nmJQVF3+d84PdeQRlXNixr+28d6la4ltfmI29gtiJUhuo2b9xePEkxWVEEIMLrpZTgRAObWG5WDhL\nyv5wJ1geiu+2p2E/1AJIgM0G/aLSPT6l8VSOxtMU1eiboZZ3CqwwRIkweu+ieQdXnt9bKM3Yn747\nEtF2K7qn5zGEuQXrnmOonavkzypgLCJHA2MUBiZrWOgpFwQdIehR0Ti57uTP8h/iq5vb82UgukT1\nQrSXFxAZerb9Lw1K+Mp+DPQVoN+2Nnc4faPENcHEqZhPJceyWYaOZOPL5+DdSzWbga3I/adB/8fX\n2Dyn4i5JRdbWqustL+rZYIlL7KL1wnWqyoryPOmbL6JL3Auo2IcI+rH+SWi0GklEqwv5zGnNWw5v\nW/eqsVz8pFRzpwgxHi78HTRVGYFnNhmG8VwPRXr2ohSW4jtpTa7G2H1S+qkmA8+JN9FHP38VTyap\nCIapEMReFzvuwQQeJKPtID7fwuGSE9VG9gUa2KIt8nUOgruqmlgxWfWmK+YodT6GZGL5FwcUhxk2\nfD2aFWe0XokpRAA7zmoJEl7w2mQqlMDtyNct8+emUIaX9D4C+bGM40PYudYmuKkA4bpy13a1ZAUx\nsJk0G7UfR+ArDj+S1LYWTgGBcKTmBxKZxlCFDyl3RNwDsIbp3W2RSKLkQGKLCAi9eeeVL5b38PI7\ns+YCT+hlbtBQZEyOpB6kAWa5YPYP8wZFphto0FNbGqyZbF0Sx0+pwY3C9q1OS0v09xvF+4NH6/uI\nBrBo6irCZp6tuFSQrhsZrIirDIZplX5oj48ttoClV29EQUNpsx1VgXznkq/fkH3oFQ7n7tBMSYzp\nhqcfQuK8utCIa4qwDH9lGMjhfXvUJ6BwsR6ocyOtK4G+k/kz3zeDKI1pMA2g3wXtzFHJtg0=\n','XdphwA==\n','pjdIZiLkwk40j7JVR1Me/rv46BdL+kfocYJHbr2G2iLS1P5E6qj94+vvwkK+/jv1ANIQfki51Uvi\nf+jVE43rSAYS719OTNQ0bS39TrvTHKN63cDkY6grOxJoG+42+gw+2Ij+TXFrHzp8+YSYJ0Tqry9w\nuvoASMkJyKj7+pkut7RUyI9Jd9Z4XL7oMDQ70pZGJBqR6DgNDpcMc4LnONV64yJ+sPfYbEegzyyY\ncLD2lO821iLrftjQoKjXU2EVa0Gp/khr6aB8G3O62rUcr1DV3hiAIA5w6VctG/glVIgd2/r7v0pD\nmfvBnW0/HJd/QGebRn09TRtqTq5IOZ5a5glwvg==\n'),(23,1502126226541,0,1,2,'ffx8IO60SsTjjMiA6mjIuWMy1kQ12OgkvHPHIyooPIQXB/SLCo3yw/C5F3iLIxj519cxxGALTzDo\n4PjxnYDB+sUSqr/pTFfEWgXPpeBy6Xbj2UQTj/62zhnKo6GzZxGa8GoAv+pIsThKDUe7ZiiNh+O8\nYrVbFZjVy3WMrMk5NCnOvQ9QZGPhgeo4s08Xtuj7sccaTTqoZAO8aQJ6r4mirhPvgE6OEoYmxySH\nWRCcNkI3dLuBGHmcff4bgLHVPlmqhtS+AoesAaGDHl8uw61Sr1AggkGcP9k+ufmuAZjLeBbIeNg+\noQuWvHF0752AqVvL6n380cFuZpMgmtN+TfIy5Ppt9MRRbaKq6YyP0Q9UtOzpLu3YY3z80NnuOatf\nxrV4O/5Fp9nZ4jiybcmubyp6MjXhQTOyWkR3sccQc6EBdZgdyjfrtFChnD9mYB8+++fMvgLlVqgU\nEsBSgmGLEkTihx+UtBRF7RckxfSYoaa0nW7CnL+wvCu+Pm32Gx6pB2XhqLBeTRhg1jhn3DW3J9zQ\nNoA6OPi1mZIUA7B6j/gzJayztI0jEHJwiGmSEMtKg6zwKZPz4G1l4TJYzihWagHj1ED15+fzRYSy\nSifmnUPPVo7PzaIkI1lFqfctE+GOUOW4Y+WltswKBE+1oeCge8dtRoHMNnz5aCjK32q0rWI7ZdON\nRfVm70aqppQWd52ET/fAf7qYROmi+kkVKh+LpFYQ7qkjjUFB1LgV88EVy+mHHiWD3E79gX6QxJx1\nzOYABjv09lZWrNLcuIuhq7IXN8floVEFiY20X+rrAis1O0Of5+d0hI+AXwY9BEQDx3cRE5qZW3G0\n1pllXF7/fpiY4CeP61+ULTma6ARQeoC7Kw4K6c2VvpB1+0i3lkwSH3NPqksh3H3JVnmiXDbzLfle\noeKi/cFY6ShmnBbATP7Yy0KbdakAzF9qME2l3hX84dfH0TZcbIBibNZOPrX+gk1qEy1s1DQEo1wS\nCIkxmy56PADHKIfcis58fFqbTk2OmMxvQg9aDOw9rYpcEE1EXqziBYsWwDscoGjJcHsNSD1xoeDg\nQNp/TQ+5Yn0HdEpOOarLyLz1hNGQUx6jaswlxsGJPnkqcgK7ogTyE8TR7tM+Yrb0x0LkJCkN7y7y\nudcliMN1RuiOQplZtFvHnRZpWEXs/gnyVb+4VOrqaZzGdy0I+RkODv2nAfFR0gXFMbK/QkrzeBXR\nZ7v0vRHc3gc/0Ao8RXEn77z5V/+XoCHhwDzOgjS8ELNDuNuZ2+SAPT5tt6ylBRM8CM2DPy1knD1Q\nhOfxsQyDEWPGRV8z/6c9ZQAFgfbYwnf3lP6KDuNBhw7MBXWa89GRIPSTpoJo7R1WVtlm5hY=\n','KfyedQ==\n','VlMIBfw4gANCYxO3EpOYoTX1s4YDOL99J9Cp1kbyXexcQzSioNVEQ2i0n3idd0FB1wTdVzf/6PFS\neUrQtEUGFjON+U4CpMhSYp+fB3Y/0dQ4A9wnF1ov8S1rRx0J4Q6rIPnXT9LlqzoN9OU2RMxHZSbk\n7gjEC6fIu3eivGjWKluEfDwW0KznETLMt8JJJoPx0xcW8FXzthPjbliZ9cUj9Fq6k5ToOK6pW/Y1\nc0i8cD+ZapXt3neIt9mSOBt6/sPbP7UO4n+CnGwnOa6jDs1qdiWN0Kb4qiMWlpLQHUgAcx7tp6h0\nqp6lIeu8EdZijUUsW7XxUl//XIqYn2wSCcaStA==\n'),(24,1502126657551,0,1,2,'aqzjcfsPYKWsyJIsy9zEcwUCCIpdI3Wzt+5bKhsNcMEdlg7cBTWCvKZ/b+wGEg5F1Y7Aq6ZVWpOF\n3smJm4uGCw8GTfExaxM05le/p0FPaitF98o8eI3BwMBCJ5BWQWaeDmfcQyPthfIJakx8Gqb1O4hh\nkQMwWPUf1lOkP1X8cr1mLhzH8I8Fi5lrCjKk/0SR2CIIgC4swjXtI2lVgYjDpJ67IfJorJm31M/9\nOQm6gEkDMncg1dp1Otp+0j68onMXeP7C12Yy4nM4pqehZ6Ryay+toN4wWQnZwp8xTR3tuYAlRgrW\ndj+2j5rlrQIe5EXS0UByoogKe1jZ4aA63WsWug64XCP2h+yn46O7ZiGVcQGXUVe4UoWgeBP0IA7e\nHjZQThwX1OtMEWszZGsczuqVHQ9gR8n8PH2flw4Q+o0NtCVIqPJXA2f2lkO2NZ27JuaHrqQQq9n0\nU7r9jDiB5Qr7g9SJ6zjuEHxTP/YUb0GDBBa3B7Ko38qjZIgwWMEEcGajJ4QhZoaKuXlnH5VzSvWq\nM/RZPBfPAEpJmfhivyUrK41b44cXfNjVO311yCDEfREFhm2tXurgMEBXBUdPJhtD+H/gsaa70zHQ\n4L8wbzAbnYgADtIN8xI+EIch0euHvyD6eRXvYV0VbmVzB/8w8MS1DDmGNgsuDJJ2QeSWbPrMrJIP\nO+nN0OozKFogbPR0MK1d8volGaUJeWfEKuHITVPoZO1xr6KSgCViEHlchXgD9WR+PaATi4I5wEOK\nDN46arimreeD05UC2Nd4UPFwHl4nNROi/Iv2Gr0D2qE+xjQK/Lg1ebRFp4h2E/4DCs2UbFsQDy7d\nkfLAKgzGKy9sl7Uy8O6bKnA76ebFE56reOq6JxRjgdNIZifaIdKGkFb6cc2mzUmzTEmeWcOAmAhN\n6B/vAJyeBuqMXWxakYoiooTa3DdQ60wlMjkelQjrFkosEzXdX/5jzsbDc8OlOF7gR/0vN1nraOOZ\n4ldnc+DMw0zVpdekkHFS9Gz9zKCp0E2IY3t4y7E8q7WV7Bp4geYupQav0nE22R4n6XzfWJu6WvU6\nNAFJYLq0OFF7hA8lt/IsS9wy9/wjrb6cGCR8RQALdNLKmxPGSNypeDHzYjbuhy6tyPH/czuqNB4c\nPyXw4iB7cf9YUXpY/zQISFHGUFQLYBDGijdkgzjg40x7yIe8Cj9TWo2SusciH1woRJ99kbfHZQsi\n8OgMdmD1hkl1nhgTkQcvhokdw1vobv2JBc20ibcO3RAfM68FtBjGW06Qv2UUOWTaUC3U0VzEsqlF\nBnR49jZ2l3zm9QWxE/eTs9fKISs1wwUymO+5J1SsUzqOOJqkWxhnjiLvo5L4Oird00TmlR4=\n','8dVURA==\n','afiiiaK56zM9wAYRhvcQyVQobTTxwdEwGIz5Z98jYzdgP88YcKj+ofjrtRUxVgOz/J7IAN93KNgg\nKNuBTFjtLhurjatMlMMK6RpbMhGS0m9nKGPEo0PUnMkYkIuUKxbzqQs1OLCcAu5E86U7zvBvLRbb\nKSob/PVaR8RGQE7bL7qEW03DYfLrJXk/VqQ8pN9BoTqcJJ83GTduJh+XvivTOQ2as8/sEtgwOQ7v\nRVE5LwF4Fbo8uv6Ag6kRPPVkLDJGEumzK1UHOHCiSsiWr3g6TWH+DlgqVp2PmSn+m5kpWYFSmjdy\n7RQJswgwWTqBH2+r/jIq15mcy2yUarBV9zli0Q==\n'),(25,1502127030054,0,1,2,'FmCFvb+OjWd24rqw5gtXzLkDMDer92oFyYVMklT98jwZx4hwyO2/B1ZxiuNQGHnx0DIXhj6rY3Vi\nbnBWYowLFRNSL5xMnMwoi8N1n8KC9TNTre2qAkpgjmjgJyv7U5PW0EPYGwdYuJ6ZFMzV5+KmbT53\nKD43t/580Pz/VrAuqm4hhJtaJydXYcjw67KDai2h/0Xta2H82dzQyWiubDTwo4p8Hq6LcXnwL9V+\nrD5hO7e7f7oGbJzaj/VUknt2EOfED2AvjOWpQnZ7PSV8+z4fBdYACJaTX5jNMvEt8YHN7fo4Reei\nuCz6g4AwBQ5upphtBxxu5neeKy0al09On5G9lnZb8xRCE36tlzHC53tYbU9bgAgwVlVsIbq4Wkpl\nSqPVZ4/FbiDIqG9E+zfhTp8H3N5NxxIW3md29oDk5WL+UikaYgRasb05NetZ++eK1ibCQZFZvLdl\n3nk5XfOcLt6H/DWnFYwk5j7N7esxfGOEsKjcFEi0VrW5ht1ziVNqJDaZXt7SS1/XlVKxQjaqP/Y0\n7CO0xod742XIKi9K/tpdlslga20A5krpsBuCeUq01T/QNothOnILz618uVwbyzHo5mf1V4i3yYba\nnJNqSUVGbGVCZjLCLnFqTA53AhgQMEamA6OTlM6tx9kGZKgVVI501Lx5zROglUU/QEhLyX37qiY3\nKAVFFvPU0bMwZmS4NKVm9wO9pWXWxp3CZj3e0q2+DIdozRmVtpuOfbPGO8XVqBVIuN2aOHjGR1iZ\nGZ/NC8sV4neueD9xJIeeyNuyCko7hISQE4U3iCi88NOJJx/L3xsvbnHBvucRIcmaBUhOxr9/zw+W\nEB9D8D0JLyXED7jrGUxDGajUnrL6/Wz0ezZIbp1TYn//m6oCjiFOVmHAPCpkPqv9Ym8ZBN0Su1Vi\nEBOjKWRWhe6hlIfCX7pApeUhsQLLVqKhLzZ3o8llzAcbgZViolmzUzyAT4UZCFTO0j0O8vU2ob5o\nSMFVzHauP6CfGgYOTrkoBFO6cBi0Ivh6kvG3M2UWn+MdxmWfb5VnzgUKfxLfg9sGO4qzWqC1mufD\noQAij9JsAl5lLMwangotvhvP1iAc5nHW/cyuv6BtYvWLzKA9MmS1G6udwc5EfMEtazQuTx7RsNnV\n6cNrllTs+x7HlwRtTzurkeJvjT0A4wn2leNBvpQscR4hLYSJLcn/Ro7WjJqbULpRQs7lojPYhUAL\nTxS8IouTAAK79l+LPRsZH1HtNR7IabTLE6Yd0lgc6n/et50ZonPP1+0czK4aKfZR7g4v8XGqEdSM\nrJ9LO97nrVxMWXgB+XkDNzsJfDz6D9S9hP6xm62mUp3YYYjdC8sImTzd1KkYDVBbNEb6vwE=\n','b9BBQw==\n','YIdv5SI2OMUM4VxGOS7gbEviaTyNJbBMzcXjWpqOnzVAN0OH/Ii8QYXmBhh4AJytm9rk9cx+W3Sl\ndOSEnwgK+uVwWPqeMfkTbo4kMqskZgh4Tbpmc1hZb+aVsuWxB6ee26gJbUpXI6ZJPwxk/a84A2Ob\nCpwN4nmGmTBMDNFgvJ5BibHREAdddNFaWYO7Kb57adWPb5nzxsLOo/09Jbjtio4FIXt/P5mwJl6e\n6U0y/5R5rhMR+YZPE4Czil5ciqL9dQDYxXOluNxt56RO4kbKTMGE+s+/MZL4fWWGma2P/jMTkloV\nOA3fL3ZEi1N0XYkE6JbYdszpowF0CacWOmy1NA==\n'),(26,1502127088878,0,1,2,'t3KlQ2Og7pcsfLSGPAhPd3pji7bpnkpsKOqKAsuzKTUKvH9SdsSp9ydmxKf6qJnJV47X0rswsf0T\n5AFLB3heDJyxxLdEkLTjvkftsccqWLjcldflz96dLE8qG/z7V4Iw4X5LcMDFeof//FQnaOvVQUsi\ndgLSnr2X5SpQxnXKP8g52D9GTkesauNieJvTiyY9Z/JLdhLlCGv5Z8KRCkg8QbRQ7c2N+06U/6Ms\neuO5wUTrQTSBO6jfiwkxvP+wZYUkoYa3XDMyMMLSyuH2o+vWyMX6HufQIC9dH0d5/3yHEbWnm9U2\nTeuIh6Zw4SBFVIG61S/kWMBPCYt6uQOdbw0ghW9IVxHQ66qGSkBZTC7ObJueRG9tLW2y0qnzOM/i\npiSoxExODjZNz6Y/ASL+XPk60q8OcFhGO92M5o3pm/KCm7eDJGc9GC2MwlddkF4EBtc580BM9Zyi\ngP8G1jjxfEo1cPMZ6T+E9n9b4gLrPrzqswKtFkDtE4xBGjj3cVjZwlgEdNP1Mg9HokeT8WtMggBZ\nVdNlFxYr6nD6euRZXEDEs9yJrqUWnsCzMBKGObwpsKugg3l/KSWLg0+U+OCpKha9e5bISJ//cMJb\nU0GpS+Rtl5w3PXAuTG2u22SCi9zdt8pLSMR5eTyfLlKBSCTyXbPKluUwuIjt+F572n0GZ4GDMGbv\nJ3XsYRSioBPc2DxW6GnOdSVpRQ4Eicup/h5EPu+/DLFT/o7rZ6sR2pRGok/r08nwBiVo2jnMd10R\n47octeHNb+6b04E3mcgmHSdPXreBOcI2VbNVuEsBir/vEDyU+yrdNIlUGUQ+bX4n6aDpoJmYm01h\nCm4/peypzv0UMZUbxROsNHCwakPwvSfhc4u3rHUcHm3zmkOhaYvErKB7ZcN6zU3rj/AdSJ5OYXnQ\nPDPoeaio1NJMQAUfKq/f7tcPxyKPjOrMelPrTEaK2TArAizEdSYA0DqQxDBoXfdyrPVJvFqxun4C\nOQiN/96SjCnMQK8eplODDyitFlE7HtWmbEfYqKSVVvG0JMgU+ybBF+M4uBZb8BH2Hx/z3/w0IYhB\neMspbZOHvxMVTurnPDw9JrcGWMwAfN2lq/57ZEkrlmABXKiyACMfiQ9VSElYr9IiDhKdExsbYbph\nuYB3kmyzqqQzOnRePQRTS+OUAYdS25qmvFWbIZy+NT4T0PwsAjoom4vy5VazT/49RymOuprOM6mO\n1iP6rOJGjO3u/tvI3qDltlzzG6n5Qpc1g359ILu8zylDYatKvP0R1mho4F+BSb/5b7xmpJmDhi6f\ng/fw4erf1e5D/uqv6kHjCQL1hBzkFcK1BmD72FNr9+HlABcb3+5o+l3PcnuYJZ2isiKL7QU=\n','GJ5C\n','Lyr7LcOzDzSd/YyrsHgghJIZKjO4WzOMlLfBPOMMWcunpNK2L0/ygdGFvSbvY6y0Azzirr48h7AJ\n7kiXPlgCmbW3RyM4o5s2phaYvhPlvGpUMFARapJpXShuxFg/eDTVQXZ/FYfoGYkPhq0yDGSxi5w3\nqsIyNEgDXxc0DT+XYd0FdlFy7ofBzl4aV6OOb7k/6I7xYvPj6WWhp1m2YicORmwHChzuGo+Ie+K6\nuzE8Sb6AtrY/SoWWXEQjAR8909ddnobrbl98htQik5Xih06mkYV0C1yVc2BfmXjAam39QqOqjHDw\nn4Lrsd38k6e1u3yMYPKVxwcQpTNzD6Dp8vrAvA==\n'),(27,1502127909873,0,1,2,'pmtPhE1TKQfB+pLk92rwN2VOpL2rpBhnvR0AzcAc2ennyXdqjTYE9nHtS3oy91KtTV8tW2A72snE\nOzYal9zJNSGjPDryJ9SLjBD2PLHrVMc478+rXqAX2l++yzSm5BcF6tPbm+Aazh4J+V5je0btQfnf\nxUHAArlj5aabuzFVBypvJMN28QLSJhL5LudPgJW7sbehHFOF7mkGTLD8sdhdHCO20MypyNxAv8t3\ni47YRNlwIOCI+uPbtjXx29OkrSVbJR9C2FFH357wezDZE2Cz4KKZ1JhmiQPRWP7JMUqU5bKdrafr\nuwMdO0CuBhT/TAWYcwRMVKtoj4Zx5p8VZ/t+DrLoThHORvxF+hpIJD+1c0FX4fFIZZY9aV8ORY2Q\niVok6BAmlEDfgj1zO5XRkLccMFK74C+qAre5pe61jmlG6h1Z61TIdXr3THJd82oN6yTt+p+6ktcK\nGLeHG43MBNXOy8z5oiddORGm1zOXjVx4JvrMipY1NjYfUkDoBtem/jUNHN0Uo4TOoDnwBUmlKdUM\nt6KfeI7trlS7WcANjfNB8cbKgSiByHvLUh586vTEit4oqtujbRdf4iWDo3NnY7RipPd05rN3wVcC\nCOJjXAmPKozUbo8BALjInRwGhRVTDV1ybArDv5Ce3hMckSpDoJo7PR/o80aWB7oVUIOHJZ3I81hT\nHdjt53wASxVxrP9k9wal+DnaN4AXWiW+SFC7vFauXv773s+OJFeFrwAUUKzyXTV+BaW1lfE7AKs5\nKjCGHVCIr9Q+wonspE8eT/9xKZ8HvL2WI5iSkqFv+e3oV0ZI66TkNT9yAoCRI3CfrSxCBehu1nyF\n6HmDQQ9IXd9Mzg+nZJX6U75qOFcHgFv3arZXxC4I9LTDl3uJhysfwfGYZS9byMaS/XWyeDXzFFBq\n6Ea2caiM9RnUa7fG1FnFYTzD1YcJKVbt6694l3jcfMLsnqYkLX7VAXUJt6s23K8sdTWlAicPS6du\npLnNne03GQm9P15utDjVwYakoMVH6N38HMeEHa2k0HbavBR7N2ydn0xTdY907M/mno8jgemsT7t5\n8FX7vtN9SBFxHZaYwCkG1uiGMShJfJhi+sBvKiWvxq71s3Tvt8lNwyAHF0ubNSbFp8i9PIuBZp5u\n+rPzKTBGV4i9XoWemw6ga5slcDz4NnSKe3cPZhiAqLLHwyNRPNGEC72bnYxoiMd3yTj9tZWbylbC\nVI+9ZMWJaCg1Alq5I2ZB30HD2+ZO9LiL9dkWv57Fa2h0fmF3rvYRqW0AlSvwbL7k76pjWFYhu8H4\nNyq46m8mc392fMZnsEAQs09lXyFyh8yaq5QnlVrb37/RuwoS0NwGMHCwC9NInhbDukfTYRg=\n','9gVnuk8=\n','IfFoulB4tUXYSOQFmraTicBM1jPLSuNwPXmGnhj7LBkH0QrDxpIt4NnoKrlVYDz2pI6xvwBQzSAZ\n/ApT8LIuvxhN3QziP5tT232aZrwiDNPIgBU2ioh56+2jmc00yk+c7hi+OinA0jwKKDUOQrDTvRCW\n/37Ia10+gzq3cRKxakwGjMZrxKzvfKeCvamx8F9uafwkOvbPVANcz7hEcSMxEunEX5nZTbI0WQep\nku7iCKLadVca8tXx6Df3CmKLXA4lOe3MhOnx+eriJ8cDk/SMgKp+u+9WT95kazl6RtSfeP6du/r0\nfL0q6wLB/h3xr3vXVCy14Xseh4kdt5d3iAyP2Q==\n'),(28,1502128457435,0,1,2,'F6FfBm4fjQ5sLDMEi5/MUwjOWUGgF2rtgu7STyOni1AlNAPLEOe42K91PWxmMp7+rGHKPaySSQgO\nx3sX50OCmUbcCt4uY4k9shxHr6aSfwKB697ekbfjR6QyANmG98/f2bXQaAQDXRNJ31OhVsMdAD8p\nuZrcBJU7LtiXaew3SQWPRsiK0MZpfVI3mSNCcqYlezNCFIufc7wbZf8nzTsw/F3ny3mIDfbQv/P7\nDaMULhkooPyu6NCzSuX18370ykTVAUijkvdE7QUeWcCcxSPELzTIoyg7itpPjdZ5QOvsX8LSIPeD\nFF+zogf9EpCnVhUPLcxfZvSBiP37KpO8xiza0c3wgblCFBLb7xFlIVlpj5rQr2lz9JgYs+1gqDf6\nbcL7WqXiksmXK4Tc7SfBMRnloF0ho5qbzPFRB9dHhYO0WwZptGsKBXDQ4oqK5eIAnvcbS35h7WTL\nrEbhCae1LrHI2s7js55kA/XlKA0hfbq6mIXzO4rhjZdI8qNP3+E7oB7mliII/RIlxSiGH+kqKvYh\nnwLM+yTja5UAFIvQh6IwcqdK+W0ubhyTF7QbvbBEoXYU/tWF1hEgXcL9TKfkRTE58T+nABCspHuX\ndIz0b6DRyIXoWnf4sky+AziBPXdY5hNB8blam5RZEAtGc3r/wZiKLE6aGGYmGoDGbll2rjM8AXx6\n5vqihsvvSnl0gk9897pHUwXCVAVzS89I6mw07oz24gZmOsLJgugMCNg0ZoMO8sHmKD0B4ov211O5\ntDvbpDhnTr8P1KTxBYum47Nwmcd2ESgBk7C9UOx7iZvPTQDy9ZDW8KU3MY6S8lTm8GSQHrXH4KWw\nUZz4togX22crTwES+rQwDV3EClK3wdNgM75oBLr/nktxQQo1LrkHebSeM6BzWuVduwOzLXRR6lHc\nJnoopb9zruz+ecyRZCtqOu+gky/DM+BNjz3ASsA1+hVp8+dMahQuE2hH5fzxuq8EVvjaWkRrYg0s\nJqikxurqelWdWpYh6ggnD7YcLTR6M+fzXbmwzEstBguA+T+fafCKPywchseLo6tDJxeTj7uDptSF\nDAa3VO0PCjTCcEUlBFohcG8IIcUMbf/tmfA3NTMXp9NQF3o8ZtFj23yiZtICOuGQQLhxfp5KHfBd\nsJy2tWaC02wcVfi4rcAzCEvza/ZhFaOCDjTev8oLDjWAchjVDzMKsubCeDW6M8MS2bxyY70DGPC8\nb1XffweahrhC8XFCV+IKCIUGRoQZ8tmpdLiGxWbiSv4GIvLstYITqxwaUCwQrS7US9yH9k8G+BTX\nE+EyCuT6OW2qDPUAgDKP9UC6+AqBEA3upWDfOjHbgdCpSnhwmMeeyDTEbbJevsiuNf+7Cgg=\n','PYB3eA==\n','zFU3MXezNzkqSBz1QsIJLai/L29hBg4lbBBs3D/s7eu7NGWpcAto2Xbi9m1Tf20L6lpVlzPNmtgl\nAfRz5SdoQLOTiNxzMqU5W7jWLB+KVHLxKCqyUCjWOMqgNoXtBviz5EUsRQz8cvgEbAqAyDUzLLr1\n8DxwzecMZMu6Gf0k8BgDp4XomuFxsac+ElE+aPU62q1YXbSL2mBdganmpB+ZAE/b3fE9Eje2e+s+\ntjJ/wcdjep26ZV8wBKXT/xgKPqPbQS3TCy+d7bZ7y1kYY07sGjMZliVYh4Hp/yvhOX1Mq+9i+8bE\nyRkAp9pkKfVLPmmtcswfOuce8K1PFGJtyT5cow==\n'),(29,1502128688197,0,1,2,'htnIXVOnP4CJZPIUzjpyJ68foPOJaAzU0bC7wBcIPYViDLiKdXiEMfkVedOKGD2WGxGFTCN1cmkH\nDYA/sTkSYugld+neOpxzHhPOTHb1HP39x5DcomtsF5HYCw0vHKY9qyawtNYki4B86tQ1Ikwt7e7g\niRh9mChfUmG3XHeECWv/j2tIyyZK10RraXe8mWIkLwVNRrK7qzo1k6bSGmpCbgBaiXf0CK44/Ler\nCAyHj13uQ2xSEsZIZVZqeefKqKP0mTiXyRmuQW7LSeZThqmfWJMNmqqm3C0LagvhANy7CsqjzTwU\nNqliK/1pb7CYKyf6IvpL6YsMr5w/JGwVpnDInorhqThiloPT37RlDjKchDirwjwuus0YxAd1dZ5Y\nSJm4AC1fewbq6lM5IVYlZ5Kkegoli4jYNvOm2cHbWs7aYKIq2fmhH8NItKDJuVUySzspJ1Igl1nk\ncCJVNB5TqIGzIxC/l9HuogpLYLA7AqG3vCwTxsD+fooCNGPzb7zwfCvWqzcuruT5dcRVnekPe4M5\ne0s6l220+JKBHz5JGpuLlIE2f+dRhT2tj38xsQ5Io9joTuZo5sOBC0LFjEK6SiCh4dgCt1Mp5RwG\nJBnNEeAvL7vrepOoJ3P59Q+3XD14StotysIsYhRsx2qQp1ikN+CqsXYEvSTYAOxH0bDugqSj12K/\nfQGmclAcYVcvO8ffYxJQbZTNtugTiKhTyyE0H4ifBU8Ie8Cg2F4fftdFzt2WZsVhTs0xFxxEaVLJ\nZH7kS8/b0koxIDyMbmZymH400+f7tIpoMY92a/IN5LqsSWE33MHoNC9KNIAT92guZ1T9ifBx21Hy\nR0BUpnNwjWaIOE9tq7I0jXzC6LPpF/9cmp4UlIz0eGjJ5NZG0DmHfLakRdg6R0mXMjkAIC2FmXnf\n6IfAB1ZOhfiGB/+lXOXDTcdigNEGpZr8EOtQpIxnlUDqyMuQYlwA5aAhlk21wJ/Pzl+tXpU6s/R+\nQc174P5aR86MdV5wegmEeDSTNLTpbd8H9umydD+YU4wegTWc41DhgPyvZCDY+NeKPXzFVxni3A5n\nVBENWi1OceUg8UTpKapy5O4mzckb4jacV4OBj1dTOUOoZTCz2Pslrk5oBj4gApH1D+kizBc12xG6\nSeq7IsCiCA0o8gECcVPfa7u7h9VqSMgy7Gm8kgqqOw6ZEaZMNX+hY7ztd6s+kCdG714NMl1PpM51\natJ45nNFmfIzHXpNqTzoBmqtbsdUavEQ7HLBuTFy4G76cOYVZbNKXfAqXIBREqbVSqKY4r5i/ovm\n42N8ni9CLd5hi8uLQWvdqbxHqkB2aRlieNrgYhGuqcdQy5MSP1oHB8qj7QnhhBGGmUeG4go=\n','2ZbgkA==\n','XGuU5J04Rvn6WKD9UeRr0DQR9a5vigcFPmElrlMszjd0ArHM0JrHgzTL4Rg8+1BZjdrSHKHMmsq2\nM2FHhnR8X3IXBTYPY1OGSGStscgKFma+qJTO2UX+veDpL8k9j7I2Iuu4r14MEjWpYBRQIpok+D7T\n638JuxLHvhevdQYS62pQOgJ+qM8P94ahtsHzTloTTiJnbcRaPJQ3kL+wa/231mWAwrzopr9zoWmq\nwE+WnfRRwhLjl97QYFNCSuKelQx1CnwDjKKeK29WikjWdkRUEGH3PH+tl8GEpY1R47qIzZknpkva\nrviH9WOeW5z2gGeKUu+bYRU7Ss5v/iccEFWJtA==\n'),(30,1502128698235,1502128699424,1,1,'9TTFWCcBpePZGRq19Zysa+OtqRPFVp5pRwiQdo6kR25flKsXC0AYGOt3PGVFKxIzBFQRhkPAm2UJ\nxjUhZx0eUtyjVk+PRFVjBqLGAPWdWORYh+osNcXsyj+li2q1DWfNcVLbs/Wzq5Sr7Z2a1PxvoP2B\ncGiejb5EK0TrAQVa/rhG//w16I4zSwKQyIdIz533SC9bc8tEPIzJjIf8A4cJw3yrhkenq/zVsKEt\nAYcKgwH1A3JZvtPJdt/jbHa6CznZBkjrYx+yV4p3n7BvbvY4kDdoJqyfSqEoapAgWMyQU3Bb1817\nRTyI15Uv6CGrTxmMwNP4YBqmuJ7d8FzKMq7MFid4MzxCi1ovkskftYZOTLaxTCTvrag1yPYUkBDx\nN+cNyl0hzEfXuWDUMSIRJzJmECfC7iC77KHpl2Rg0mkx5sJk/zM+jOMd7B/AT/C19OPIfk7VRZLQ\nImr9IqJjhJYh0jm1cU6eEnZiCxsl9J6Zm+VGdzkacNuGjauSZHa1kgBV3rpannb7yKlmw3O4GbzU\nFa7jDYm0dF5bwF473qsspfnF9WW14gvi1owjIbcMidX9WP87A4ue8cooRXcsKFzVhDKoYEWtqcyj\nWwx6b+ibgz0A2sdDMsLDnj3vuvBdFZ84SO1Cn4ehWfOZGSM8B/dCwxrwmra0rxrMp/t89VFYm6SZ\nqyt0xLSGS3Zbh1mogPJHpt2Qg6fy2jUcf40wPuGk/JhkyWhavRHt42FZ75FX9M4TAhyqXwwV8PI8\ngc2DIFX0su2et1YoNmw6EInnLiACRS/NOo5oXM0eIeG/5qHPXqZ1h+uMBZlfzIYgDofsbwT3uBn2\nG5sJp5lRchBx96tPeyewGT8OeZ9ni4GJ0bDCt0YrP82SUC083KUJOEIQpdenTOcQMP5/gXki16nS\ndIS8I8REpkqSyadNmlhtJ1euofbf44U8tON0ejQkcBmn4uIQCpmojFOn41v03h3U+eKkF/WHIpnV\nPUFpShbAuw7N3nfUgJQnnFJSdGIHRktQ6iTFZqREeD5H7uJceGGUPXectPXCoTBmOcP9vXolru8s\nwl9Id4ywztr2e1KwrKRJ63auiwBG0V5rw4tfqmxEUpojQ7Xg0k65WykL2MieRJL4u8Wkkn/Gn4FB\nwxioX0cgpX7BF+FRTbxFIDmCQjpY34Gele6LThv0O/z8ck3c35QYcOWF4L4JszzztushW7fkQap5\naYM1NNjcxYZtPstwryo8Zmz1NJkdjUBSeCmCGeS5uEBiDLYuPlGlgPaH/cID1I0n6qJMDJ68CGbn\nLOCmNhaVEItwykDy52UIPvgU6G6yt1riVNTCOKDjNmml0L9KSQ+5FS/a0UrlQNiXw2Mzjwc=\n','p16mCd1i\n','erc9BbVazGX+tw1cLNmM+/GvJbJo7YS1xIyg1cEipV24UMefXx7KZozqDQ0PZlVMOh++p5czNWUM\nj7cogRxc678sN+85BNLODUQQl0KBf9U8D3djGoXlE/niVZywmTpsmtku6+DlU/92bKiwjL0IW7s3\nYmgUULlcEExu2wMJN1/nb8ryPsCctL6h7wh8YKwvYS39afUm6HdxP4lmb9+xcPVV2VStttvqFpg0\nfo5DupL5wqfSrgVBeRZtz0hVc57IYHEX2LxWGIdEIQHLCCZR+5gZor5YJpUht01hqHZEy/xliLep\n0ROMJYKdb1genK6Zq1LkVaGI+zRBcq0PBDM+tw==\n'),(31,1502128887119,0,1,2,'DORK41AHZ5YxIJlinotOFYgauvyX0BISkHH05f+kKYAdcMUnwJ9/2zpWoPEL0A/zzwwFQQcDn/PK\n4pt30Y11HXFKK3Offk7bKDcD2cgmdYUj97ZIfuehYljasiKx3g+hetjkqB9c6WE8Q3SO4wSlvE15\nJ8HXDYtpvNd8uuMPfuC9a1eIVz8KEuxz9i4QQ89oyRT31FbceAe5vcMkuApKt2e8XlSXwh3s58pR\nPQyqhv7LRPl9SJGWmN1QjgrDkKPt2JaxW3s2DVXmym7PY0swAEOtzJzsWEJIyb/oOHH16jnlduAe\nTOQTKZaWVYC/Y8qymARDhHeJQx2x4ycvhW4xN8QcSOXY0sOSBfguyY70emYOOqPPt85lfykqsJOi\nuexppMD97PGve01BSnqq74xboHybzak8bJjf81Ewx1cR5gfriSyKdqj7L5B6OW1zExsYsrMxLyKF\nUkV/Xf7TpItexqP7GNN6dJyZT4Cacgdvdg8kjVzB9VSkqSiYjxSxGYCOH4UlMRtD4ORzovebAt2d\nW8uw81XvNcPLL7DQTu9eu1xeJVk+ZSYX6tikumP4dgvTmshvi68nXn9ZLCq9Qh2gMMN4lpyV/wbY\nkq4dEqwzhX3vN1BOcC6nt1i7U2t2RxkZ6WvuQKm5zWMOSp7Mrcq1wKV3zrAmTnzy1u5YbHTwLxJa\n4H3Wo2E1rTItX6EXTvpK0TQG6nZeCQyuYS0h1kD83GQJB6GvBt17ZoiL3h3Fb7kjrJUQR/ezs+4B\nh+wmag6yfXOyvaNM/jQoHf1kKxTUGrG+G1C2iBwCwEWEZxEoW6WFKkxCrjie6PquWupRsHNnUoCv\nE6HmvDMP/BemKJ5vI1Fh/LsE6lI3Lx0Hj1wk3TFgHDxTPPhlUFKj3GksS0oBJDFFs0spUx/r7HZ8\n8qjNCnBCTCwoOseYMBR5iu4vA26Cc6Z0ZzzoA4YK4BfPn5++q9ZIGcL5BVGihNwEuXqU4QIVtK9X\nEzDz6lvbHtM29fq+S7IEzPEPgR/+yN1F8CyLRZC3pJqqhFAqiEh6nSYBP4Y7x5e3KSZigGiNAlca\nGX1erw1SPmKY0UukwUjTE+elWyitapLz9++rPGjrf6uwre0sOOmB/uDJcH/rK5WapG+Z4Vtc5Prw\nSEDVzbaS8vj7/R9uz1XjlVImJmIWlLPqqmQ+aDfSvb/sxh4poZKYyw8bDBm1l+R1L+YvAVbbsBSh\nagJAd738F7KtMYOpBD4ejJQ0a+OIYmRDhyim8L0oFF9ynioLuP/rmlBPbN8xP0vacwz+jmcevaqI\na+xIdS6eDEAD2SQ2jrfwjkA9UufySMNBTPC/+nXq2ZnarRJBEsXy9yAvFAeq7dvQABOnEh4=\n','ghwB5g==\n','n+28xRdw1OzlUjSM0UxiXVqL1mghnui5wO8iuSSK+vnqgH4xWAFkpSSZzTL5fe0Ez5pvSP8ovYCd\ndQrz1dIeFXYI4CTFZDChLFUsEjIVA0WTFSRCiOox/X7+3Goodujdp89oFGgAUL5maPCaSQoT8CnD\nGHN0sJxt7fYIkRoAP+nJYPEYaW6D479YmoJxzl8oF9bhRUH+DHRzPA9ErCr9hCxHOZrQ21yC4WvD\nOBsmImOLBJEZWwNoO4/9wmX4cv77NH8r+jUg8uDtgACqt9akUCxJvTqxyZ7wQ6LW1MQDnxXZRoTa\nB0htk5CoRzM5kPsBzSfsIoh2NgAN4B4sz5zf+g==\n'),(32,1502128931018,0,1,2,'tJL8U7dcgkSpAJ8qOPsIgni8/INvVJrnTCCHonYnF5Qx9pLxG6rWTLAdsqyFuXAbNCSAS2W+aK7D\nLqeRH9u5FUy/Ht27v7VMtleCgFmBrGpkQwxk/ok9oe4JSUdaPDydMEOnd0V+qtlTaZ8KxEOLR1fO\nYpo8jlMXgdhhhfV9phPyP9UiAIr6HZOLgyXMdhm0tCDicLSgPEbPksg3cFsK4U47FM+vzxIBGNRz\nkccQDB9bRpgbvTyYf/vPDBW83iaZALRdEOLXG8Zf+udxWjkHF8XbA7a7HZ+gHyyypu5RxnswdRwB\niCPBihihjeqgGMD0WINIgCsZfVWK+cSl7mUl8XoWxuqw4MujVG3sIvm1paBnAgsRa6hvd8/fiM6V\nZbAm09EtbQVZzji8MK4YLAuChETZo06QVPB2Yi4dGezbPBbvpS6OBYOy5RqMSM7pXg/fdxskeOCx\n+7mLMf2HcdaYIDnqDz4TKX5RzJcOUKUzmTCW5y0G5R4n/cfKpiPphmEzd3RMxxcNz/k/5I97w+Ah\noTHWAEtMxsaZ96HDGwpyAr1+2ycWsJaYuCA2PZpfDd+4iK81o/b6/wCOKbYQnh4C8q3NNgwKdX+v\no1BkGJqzJ4Ka2JrOcwpFjpZsKq7/sdcd8cahHGeK0nrI4JEWjFS3dcQPteONQwNeTvkxNKxRAGL3\n2i4EcMf2uHDkseYodArzMBCLsR3bJqxC/Wu7tBqy52Z5/1tm2+vvVMsu/btFNsTwV3QCQ34ZhS4l\nHn4MGtAZxnD8QbZAF6df27A5oIg3SUEaPircxmz/9NgO5kdjcjQdmXKcl6fax6ZIcQ1E7Hu/T7+L\nzQ11jsDajVtCFNzWYQEfoCFo3WjmFPly7cWKCFK6tz9SHvdrWiwvPuv/DHTEWjHEnRm5VL+30U1i\nyiXG1QSgl8eH5xXamyG3iOxlxppz0WIUqxkGjVAFeA6pjYWEYwMg81w429iogWbHiWef/H68tgpp\nTM+iwB7Zpf3f+VFuxBZVpgqvt0RLJSWpJ1UxyMkCb/Exdf0D6Rfr3Mru5uQfg+hBZBG3fO33JVbh\nz2Vl67yugmi3na6kma8C5PxN9UYA6mQZhMiAx98OFIMFHOwceFKXrhZU/efNOTKcwWAceSusvfWX\noeJF6puvMBCgZtPW2v1AbG0PNY4q1P8DqCCswzJAWIG0+zShHKBrXM/pOsmPvpcI3frJhs65CNGz\nzdweIbd7hS5GhOB4RKPOpo7Chl8hn6k8boqaWIZNfaNTKOzp7JDGRO/2gK4sSLSR6Qib8JU02wDf\n11zGXLVT3MeGfB56FYCqi8ZT6e8aLdnQWIDNK4qPT8Src/3DciQVazdoOWxEAiHTpriRgBM=\n','g5QBhzLJ\n','DkAEjye+Xr35XVKIwLpWC4/oP/N5KkP/3bFdqCpD9cFpqJRfysm1IviBpC3rLv44Qm2xb6jMM4mN\nFJZD7cCJ5fhU8QaYKUWOivY7pfSfd26/Xbodp0MRHN9mrmzb9xqHZMduK9loxkS1eVZ1iguFCBRu\nqd0rROahHZkUuzlmtg/p9DseqhNS9gKuGguD+aWtnZJe6d/+atwOfsKCacCE1iUTj/yFlJf+grjk\ngX50jyybuqiEW+WFKq2O7B7y+i8CUTN1C4tfF6z4ODjwzpokiDEq1pIukGfyUaCwNNJdy6P3xj7i\nohXJaqPwGZYHNm06GhlcWFqSh/vWs3NYoovBXg==\n'),(33,1502128977941,1502132462940,2,1,'q0gMb64s7rS4oc9kehWQFPSW5ya73Ll8OylyV5NydK4A/se7FRPganioii0ZKVHeqog3WlCQ4wPN\nedJeWX5CSASzc/sgpf0SLRdSwwOgyPyLXlmd9zGCLSGfK4it9xjEdldUIRAt3WvoUm7ChMWWGaxp\nTsh15R8i2qCu+8HTFRtax/ZevrPVjfRXNPDaa3cBK3FdVTo4r55c5emr/K6wYF8zoKCUZJT/iM1h\nNNxs8ATR9QG9Z78DUIQT8ynFE/QZlB+fWs9XUp9xWYF5+qDlohg+Xvts8rg0Br9OcxKg3qDEzwDw\nBZk/X31PtjJ3vpN206r6VqoiVPNZ4tvHv1l1NvW53UjTWkrSeOYU8Wqm1fHTqHwapV2jpW8e8QHL\njnWoAsdI4A1mwJHkqxnaojI6Rt/ege4zeAOknUWUmttucXef0h++/CvCujHp7qq5OL250lceZjGd\n2VAqrP6bznFSUkaSXgOwOdTGgLQqGNBAaM/jwPf9Ddk+ZeCWAIsKg+PCvuBaGnChCAjR6UYVaok0\n0w7Jw3v+zURnOScuQHzgL49NIMnb71WpCZl5ZxtSg8XnxPouRqh9RHuWFeO4zpvTqYsCVm+NXvNR\nFEgNwHsZOXQU2JEzLcnfhfcQ+7GKzcFoUz6D+k3pLfom9L/CieBoPsQj9FoIl4/IeLMqZIywJFaF\nkxyWzVuXOlzzhF81G2ufmaZ1gHKK3vnX7gqat0uEnkvAnSP9CXl3LnKybjG2wSUHxgitqr24MBUX\nxSxDoDEBzsIyJf6S86u05pf2XPBz2P5gffsUi6i7wYV1l7XwXFFhiR4yZEQbmlO1vrI3q/U1xeAM\nn1DhiIxaOvWoxep/u1VFWuZFBEKnsXslumg/xUeqI/MNgj5CZkRSr3R8zEb5uQfD2LEeQTpM0vFZ\nkYYjeL/spCylgN6Ty5B5yC8gN8Wq5Etprk34WenpFzvNZgg5SWCY9Rx5P5UKtT52q0NF0xJzJuGO\nA3lzja1tlVhYUm8rV+HbY/FXb4vl+/d5M1UBPCi7FwWVvaXFZ7DfHZbCYniggZLrAwGdgAX3hsZn\n/wNXToTN4l1MncnDuU/T72rs8J006NGWPEzoSH0mSY6WPrK6gL/Er8J1RpLMIu1sD97g/ueBLw2p\nVYgtUgsHck0kCurQTMa2jkl4niHegXI6DcSJQIcG63mEYG/HqNSEfu4DdG0Pt66eEvfeiXGZKRCF\nrXMVVEEHhydMFFmxbiwRD/StymgcDfwfBrZPSKT7o2EgCJb+0O8+v0P4lakFBuhhlZqXwmaAjwXe\nsooToMffbit5n0LRJPOxzD3q+mlRlGpsWIPkq4RSYNFD4+Ou8+Ri5uLt6w85qHb8R8bS4ho=\n','5IR5Cw==\n','BnIPj2CDM/DWf33GyJjzuRqOf1rDSoeX3R+uHIEsbjdPai6dIc4EBeitUA4q247eNfkyfRJtnK+u\nBNXx1JQcNbDnzOaQFnBggVEnGU3om062lQEyKJRT7Vd9vP7iD3AAv0vdavW41CPnnxtPj03LGtl9\nvqVBRQX3FH0OBliwLajBBapQGfpxfhC5mauybSpashshkrLONZZKSHqg8MwU5d9UtGSpwEgqS7ec\nh58V5XXoytkVQyAI6sEcWPSoYOv3Fvt3PqqUA7+7WJ2Ox1ZrAlHXxCGFdJ3bcQrCQoFIZN+vKmrp\nfsDFoldo37op7I6CqoFeyQBXK7MhtvYWPiLjIQ==\n'),(34,1502132477458,1502133401221,2,1,'TTtgtS9qhttcPHLE5e9GLT8OKV/LVpDHVNERhDUKWoLYAxe+xz8pRfXZWKfmsPhCosexWskXwOSL\nq9vnbWap31YrgbdF9a6Yq6qNCObleAQS7QI8cznI+A5wP6IRYW+WBbo4MHVrkCgnmnBHryQfr3Nh\ntmB2ebazZf1HLs1odmGg5ubY4efO8E7PGy0owxOnRuPe3V+Tyz+wo+Erd8DjrEKTSlIizSl0lKNr\nlWCTsiiGGlyNY2XBw0QVQfna8WirDEI6nFsMG0NRwIFBmLOtU7oGy9clWLbET7VWNFxG2jxUjH5Q\nOKZCnqnlw8BuwXOI7quLOw+/8C8ZpeCDaopwuAe/9/HlWF621zK4LXEvzI6MwSBPikUVit690+ke\neRovdN3OataG+ClR2OQ1dTkLbO5WFCvD6C+R5ywOmcHltm3LicEBxiOEqE25ZBTAnISleZAguStq\ng+qdhT+o/NWspmk9LxuxzghO7P1do672aWXMnpjyVrRNVkRJ0OPiph5sKdaFjIvS8hgH89B9fWDz\nflhwOxbH1Vuo/cIegGAsHlV1Hi6HhPNbs3qsa9bN9UrJWMJcBhpQ0CjOW9X8wqSidNsFToft6lkr\nNhgzOl5GIGrXSBNjNjbd5aVcoItijDKFV74X5aTo3CxVSji4xgLnmuXdj3ItAHJjVaEn/UqOpp1J\nxtZ2/+v+xuUPQG5KeahNPMZixtBHTHrX4WL6bLItIhsumf/M8TtDZAN0pJMsPLa6ic5IBBXf/qGM\ndEy0N+Ul045dBcHpMOVI5XiRgeA4SnyhQP2h83t23fS7lpPZtuf2J/wuD3JNvYuiHubN72/5h/iX\noS2WKyyja6HVeZIZYY0Eb1meR5VyLLMiN7UlwqUKIzahQwI9yYbvq4dV5xaWDUki4R/Q1t2gYF9T\neEbhfn2rrNqSsPBupJQJAg9pL0O9HcgOsTBu1etJYlMGo2ifKO7bP0MCmMtl+vuy0z1PAsDGdGQG\nsibGVd1nCSquOWYgo3nTaXYlX4JWce+V1ANdbml6c/Z8M/8j+H8P7z8e50UUoDLi8tWE91lQseR0\nkepBDZbvcPCJfA9p0KZqIUpuKu7uMk6cqf6nGYAeESxfGY93vGjb6JstFGDC+/Yt6V98JEB0p+dq\ncD57Pne9a79YISz99kkEa4JHMnKCtz4UPqYZguUV3o/YwcjAfb1BBrIiElD/qzro1WIoP7ENRsPw\nITvN61W9l6nVPbavDh+48nBkukAys0IzZqz7TFM+OOzTsws31RVYad9J4sIbJyVq3u3HBqKrq5dd\nTeMoBHDm9QU3n4n1VkFtJcedji0SaZJOjGeiVsyiyE3WQ+s+tFyIxQD3YHPY/RLcC1vQHgA=\n','bxL5eQ==\n','t6IhDYlLOd5nhXVy0q1Wk8M9zfToVi/9rLB0O+9wKxjAubWcngGYFIJgAqXwkWXCgOdURG93GYK7\n7HXhtqPmwLcaY2Hee3PjiiRX3N2SMjgQr8nvqHgRyp3jZYdNrjY337ykFQ0ZaKmwt5OWo7Nojs+Z\nEzuEY2OdRW9kXcw3jG1vUNg9WGdsC5x+WjLFUZeP45v0Wy2DeiDxjGuY8GUCAkcU88t3pSbkZ6KX\nQrxNozzRmq3Zi4LpF57L0mnLISPwVoetbfDRAMEvkmRWDZmxvXQNpRni7ESpjxO/MiHDFdOVXkXz\nz9MnWOQYdIlIRO+JysiuZZtfcKmr78nW2TC9vg==\n'),(35,1502132672791,1502133401375,2,1,'PCxzRspzE2vZr24pvEGZK6LZXWkeCByRCugbyFYV7/ASWKS8t29zIA4RMcqDflnt1oqGiIJUYc2R\n1zbCSvYJMix6dzLDxYlmDRa/ISM7E9CAa0yAMADihQw0OCkFDQDMLKiw3jBOyfuvLeAs4+55d8Xz\nbF72HroGFjUTlU/FQGNT1fSwuDNvPyzJvRKYAZ2L1ni2mMn2h7FklnF5ssP3c4L772VqXNHt/vw7\ns822W7DGLDmPYd5hEO//Av3yAs05ineUnchKxQeAocNX3UVGsg3W75V1fJZMj+pbHt1xr+Q8RQyM\nGmG1WyLXIywCrHUgWxPlOGSaSIe3PBZlfxUjI0Nikp1JOYbP5oFOIPbTDeS39PgHiFo6ZFpRsfPg\n6KKeEUyg9qvYmyPEF8D/bsPrzu2M2L4BJshYA0HwqLBoYirIHKIMnAlDqqZ13fbzGhFV7g1d4y1g\nk6xHKatAbgL40kcymZgmTNhP/hJv2Lcefm9wZNjjel8LN0WoB/GWc8u2W+mt3csLwza+UDCXMQnT\nG8qA062vSRyVK7+fmlH4OxCiYu3xh40sYnvSFiTYHF1V+jjy+Sim3hlNJZGKatU8p/lFbVH0V0PO\ngyc8JnjXVq5OOrUeeXwJ0AeIZlyYnxE5STaRbMKhosQiSn2wI0L1U31c5wXv9ysszmARoqQMgX3o\nZWK1oJieR8wABQ1imzIE6RSWJkI1gP040K4T/BvSVZ6rkEEEep1IUe/rYTqLmF5ih8aRnECwjPIb\ntevFpqAcXbe9YlvYmvKMlEA9AxQ8euMUdsnwAWT+l25osxPjPuwtsIi/V66n5f/tMJ29ArkzOkep\n4Yvs+L5Y5rY5XwfMrdsnVTj1kDsZc5K5AjVB6C5/1SQGzmtYjFm5ORZWtEm2fy1Ux28lbHrOVIuT\n0EsQnpuVEjjvQXs/9gGpkNNgiURG8/oSdEq91tU1krTdIeXbcpWtkKwfui2Mo2yFuP5OJQVAjV5U\nb6eN2oIYw0X1/zVap5cAU6CDAZY4mTDJZWCQhPDsESGHyAuY0MQ/arI7ZfzXb02s2KjXm9KhclDp\nR7BYRtB0/yISOq+POEA1isbeW5oxjkIT2p7SJippnowI6gBjRuME/UhWtVP9wb1+z5MZGYYnG2dz\nbJNQLEUh7izuSxD9kPfeMhPds91RzkwygKzGXyNWRZz6Rsily5jIt93QTBWZUAZ8o37U/6aqelXb\n417BDlIlJuXhm2RL5/qE1J+uoTymMxClAGvNJDdsw1uEYOjHUqs2XAXjhadqQsRHn/llRzWoN0a0\nwr9gQTmFB80GnBN8s7Iskbdiv/2+fLt0FWtUFrCdBhN0DqocHr1PNNJm558vWBj4T3NLFhA=\n','oyp3hw==\n','I1aDBUrC0/h3pZ31x5jnYGIMUWI6Qgm39g5lEM0uIB+VRKoOVIQKczQeAR8II9sfF2XIYW4sEhEk\nvrHlXVdaVWis9+A9aIt5dsrFQuznpHYG+VPK2UDA/7pcuXuuY+PJ1XMBMmdnkfPhs8SA7gQbrPng\nGV35+VqtihTRneeSb9OFt7hqjTbzZyAqQ01qrqjDir9Hfaj8oeyqV09liEB7X0gQJFxzZL9s4MTc\n5NSXAgCTD8BeNRbLRG3i0Vwae7YNPf3TMW3LemAJ6vYOgF28lN3h2ogKK9xkH04KaHlgzxLWcJvx\nueTiisD7q8p99h/VCs7GojdqAt8TLiYvTG2KqQ==\n'),(36,1502133416512,1502133841416,2,1,'8vt7uKOGo3YT329hVSR6pYodnTEhz+mRj7+kZ4NwG4LxfMLLosxUY4+8y+jlidnt4IsHALsMXyvJ\nQza3APD/pp1LTMAAucVvKnEHWHYg3SuGpJKXD103rMNLoVTlHBEdcOgqOcVorSK/JDx2jnxTcuuT\nAOV3vTlxiyQ6AkpAPry+8JhMu7NP+OeTHCGIYgHGsTSi+JOqUsoMCsrnmrs1J0aJhmmf1IUUUmLF\n2mKRIn6iXveOLhvm9Cq7eGa0EXtDztYxhCwAqGzCkkSqKgKX3ur6+0yiQTH2C4/vykLh7tSLHIWg\n1KPnhpbe5cxBfSFRMxZat4WeDFsRFVQUiWTCqmO+tuIOyKJckgrZfeIST3enN7dvgPBAECyUj1o3\nOxr+Byr4YbvyCjcYGlAaL6eMlAFtRpxsx3t58YkeoI7FP9JT2nsd3Amt3iDUSlPAcz7GMq6E1yEz\noNOjf23252Ub2HGHZcLJpxTrgi6RFdGUH68s7VMeIwfnOuGWn9GbTTjIMmozKF9gKF0UF6MaHloF\nFPwlkf+SWp2n3oTAWnTReVpk/PQCvxj7o2P83X0swonBmuaIjpxJUlrmATPz5sLdKRjMnkfgYFZ7\n9LZLWZDhdKZBe4LC3mcXRqYrpTho3PV9/kT6mC4toon+TTDQOcN+us5hs3a0z/h7q06oINv/2kKC\nrXcv7SLhviSnecg2RSJnt5oFpZWDcw8966U6/ed5WhcxjVV3bFZZbu25JvvMxS37Hyr//EXynHqX\n5z9lT+j3JmRFFj4hzgaMHiR1pEuxN8yyik+wErIRTmZS/V48ChaRDv53CL3lnDWoVd8WP2/IRB2J\n3BTXf+q5kGPjqNgZvNxj8PG5JBFxnLYYlsD5wITxstEwWgxDB+fDRnv6fQ2cPumVCILJCThxPluL\njRXA4YhiwIru7DvuZpRBFqu5GfmiY+fIePfCpt4ttslWRkhVkAywR08PDXT1ect9clVSr0zj5mi9\n7JLlKuQK1c4cd/NkqKS7NBFa3VqUb57Z813tQZlvgxJRAE3NP0XpLesHrHLrWuQLNNp6PiUW8x9w\n4l4Xigyfy4WF8/bMR4QcxQUpgaDOhj7x+EYT8xIK9mM/jiFnJvQpku5uNCmfBJDOa8oovHSCG3FS\n5iF+jRsj5bK7QfBPCYHi82dX45EeyN9KOcUhF2coSMp1tAhDlKfyz8oxPZV1VquB3y0L5XiJE//w\nK6PuTfCYVjc668zf/n6N7lu8/vc2nVD8BND2oq0oW0WPf67xjqTDjHsURZ9542nFySxCpkI8SrTF\n9FQSP5tjlDOD1ryIrTdnjX1zhLN3sBl812SGPkV2y188FakY+LzTveZmTxLodttdWcNvaQI=\n','PsswgQ==\n','NkfLNLpXr7dc1gud0+vNM7SUHGxVIQ8YP2vBAeYDxxb3hvtbN5BpXc9SczJ5kLDuj1dg04jRJXv3\nqT2saLZNjzR5mEm4jJ00Q+x9hS76ZfDmoaLX+8bZOcjO3pz2fZIr3MQLSUjd7PsUbnxRz5rs71+t\ne438uBPA8ATeHugXLgk3mOaT1Ms3JGHIrbPYgSFkAlnGF2EzKZtQoS8eBP9HkNCR6G4NDHcfiEuo\nw7QbnnWFBBm97+aQAum+gdCzjaEQamdRlvF5ttWN3+V7b05lX6iT7bQueUVube/rZTTPr6KkrO0y\ne/6Tx6sQj2ZOLPo15BNEMkmkWjU29SPQTWNu7g==\n'),(37,1502133614877,1502133841607,2,1,'eVckEujOkCbCMzPM28PpZeZGBDaecxOeSolZ8eA1JTTTlmA4sGQEUPWCAmyfGaYmcwcvW7AY/Iao\noxApiG+b/F9z1sgoA+1vEq0f+MFoJPvnVN6teIiWuCx3qyLgqZw/2++bSSnp7/vsYa7G7/aieQ2w\nbeS6zYFLKEDUuVlQQ8oiL+goxowGhz++l2Yn8EXRfErcIp6Z9G6XHsMPqwK9TlWkY6aIy+Je7oYH\n2J/6Tc/UxG30Ee1sbQsZfSYnSXvBmkVuGulPvmgGXgzruTaKBrjw8djYT3U+U9WgHw6Qwpw61Wy1\nWsbTiaDgWL5mR35AES18Bpl1lpV/CdjcFAaeTMISOPbeKoQvJ3Nh9lOOEMJX1STJWQvS0xepddaW\ns3z2MgpGlFNii3B0Sa97MaWIJZX0B0/+v/QGSr7MbopCOOJwZOEgn8+ZhwdFTBXdzYTQjBF6P5qR\nF8xnPkjm7DFbP6a0koo9zvMmzjqnbIqmZnZ1Fh/SGlVTelu8/349und2STRW8HYrmaX5TrDIP4CN\n3pGqHQZ/S0ZbLU5G3Hc53Vg5pwhOsTWzHF5x/bbnqktaSV+GqHmpw1CJbUGUdVLC9Et4emgV5b9j\nQtLKzgX4fx1WvAk9Zl+0whAiijbyHSccONCL1GgmuI5c4oKoO/eqZ4T4ohJZvG9B/EueGiaKLk3P\nsQntA0FfzKQVmpJ1C8uaFR+nJ4UZUh6dgASiTO4rcD2MNqGyropgSc17M3rWTwDUWDVFoudJy48c\neAe0wBNOSFhBIT503Sl8YqnIpaWbMSTK4tJzB4TBN2Y6xP92BJah6XxbnPlIzGfqWqdCxwi+bm1G\nMNecJxj0ettU+hDBIw0WWqfhLkVUsjezz3sz/6PkYlh2H2vir6qW1waNr46Up/GIUWT2l5s8NiFR\n4pl4Gmg6TSwG7hLav3vHz6Qe8+mYxJ3wuPkmPPtqGZjKOzbBF1gM7cURmGNP3OtBuBUbzY1DDN7/\nB3ZCPoDuUXUn0HcYIqmE7Y5zne3dUcWxSigoe2/N5N3qTJ4LNc97E/R/r6k6SHzXUMqNqrK1Qkaq\nJiurGa5CfIt3g22TBBcRPGMhVtofP/AtoCjE439O/tWqH6DRnSABvzUvkTsR1LL9rLr/xsIDcAJp\nSRJPKeJN5H5aDPSZt1jTwjBZwyY+f2QUpqjVwjsG9gJstteP5fyOVDcb0trqkELYabAg+nzeFcDK\ntQX4soZPTPa6MSoFzyj6NbFubloG5wVGLUGBx1aKQgoAepw9MxzMTdVW4PgqbzAV1FRAevvzGng0\n16nu3KuCX0zPYBBUXRZBRixEhbIZHLueQKfoBw7a2M9mFWNKl62+IZyWnDHGqRBmoIDP/Bo=\n','hMPY5Q==\n','hGp2ZL2BHeDxNI0O1sSi6pVapObazaIQ6ReXVcS1f96RPlBOsC8Mvwhltiz04uNGkyHovNjMDUCe\nYQIABXR5pO6rI9cbyfXU7F+lrREIpZ6in5jTv66/8ino4C2ha1OM1eIIeYHdEKthgoFQPGAaIYKL\nrxoRHubYcBZv3l2BsgREBlSZby6KPP9n83o5tzlClrHtTjdbDLd7owFx5bAth9uhKN+7k3AtmHI4\nvQKOz0+Ia65D4U0YAW8n3f7gf7EpDz5PFUMDbbYf/Fzxl53b3aYHGsR442vJ/84HfixYej+BH+Lk\nTO2IuDafZof3V0ANFLe8zGYVLywRnwwr1XYk/g==\n'),(38,1502133849382,0,1,2,'k9fl/T+QeUxUJ2iFedj5EeIbBTS7sJAUVCDINAS00Q9n/TRlwJxL6M5kcY2tbUOnqm0YgohHuUeC\n5RBLUaPDDyYktzZRDAdUvUSwaCI1hak2J236fiEvQV8NWigITyPfwOQPvi5gtWUUv5Hj6E1lvlc0\nNb93YT6aznEjWOarg3qOT7wzC48jFKJCxiNbkxsYHIJGvIWHM83GF29goek2JCxHKbPG5DtvosNn\nHhXIl37N/z3gLM15MN6Pqu1tsVsuxyH8tutvHLduhr9XKyhn9wfuaXeQEGkovDtSpFfh5OngRIOm\nKW/iyNcEGidC4kBUmZNFPWjUvztXJvadmPp0Q5Q8zL+yg/bqngPthJTggP0uX97MegvmhqwOIAWm\nlsXcUWludWuk8rY9SyUwS0nmqux4BzHjBL7icb44dTmE5dM4TaET21phKQEHR6ehyMfyCnZZar8L\nfUHMmGpviMMA2qZRw/IqkEXx/KW1i7pWjR1q5cX6SY09G0NSvuMlWJTU0AgN9lDBOfsxb488Xs6u\n4FSgXCIUaPdVYP3mojInHHoEoIsNpLdhtVrvsHSM2nuuK3m9DmTUmhTs8F/Uc0seSzzDP3zGb1+l\nhjq6+F7mKdFOHUVDbyiZpIfmRn8d6JYwcr6UExccmYDsxUeVltQ/XS47BRK46Ge2Tt/ZdaBZr3MR\n0YVTnq9zrcadQXpFDJdrX42ANwmLE3j0z23y39eY74OA4KcpAcaXEfjVwB7xZ++U6MWxlf6q8Z00\n7giZTBjU610HEPoycNliW9wqa57NKM8RW3lP2zym0qN/bH3bA+ZhcclCc3KFe5rwkY9bIGtVxOIM\nu+Nu2+TAyhSyIUS2gQ+kNFgysffLVwE62kUyjBzFCAzvRtGg98TptDz4671JRTPahFYAzxZ/WoZE\neYKQwu0rVBUWvApKyh6S+4dMnxcnd/sfiNQ4yxAbwGjoDegx160wEo9gTgu/FNw/Rf4iOZIDzw++\nQNbqHpGNdarb2xLmPRzhguldYkrtkDVJEWhuBs+kTT1emygJG94S1zrH8DBEokj7n2GTvrfzkfNt\nXOKF8sZI30CcAiOXjnWb3FBphBmCkcdaSa2xI+3lvAOVP41rpfLr6Qico6ShDcHKZwyZLMQNU9+s\ncOgF9FMHifAejPKauszYyHIM9vMjV6deqx4msX439mU1D9LAqBu/l57wgbERGbptSLIMJwOqthk0\nmbkjyLzGokTaanZbn7Q/Y3euuvaIoC14OtcouOOU0yF/UEgr0x5BHzqvYC6Ly7uQszwn/nw3znOq\nvJ7/zSNUe9NQUTROmuczP0NAaT0ff3hmswKK5UjCbhXWurf5a06DFznN7OGfV3LKgqrLiR0=\n','FW+kjg==\n','lyJEhxGKNDoxOOmSY/GNDooIhfbslsrBxAfuon3Xt0xYzMPu628W/SXIPZBQxJN/Wpb1DPfCf0gf\npyuVFCJAVVvPsMeSCWl2hKbeiMk0kckZR58S8fMU31dlCPupYz2KPmhrKMzg2kcw7OrwkL/aprRN\nnLjb/d4cYjdezcaZ9nVw4Sz3+xmUKY1l/6m3m3ly8/dVGDG7LKrI6j+/CLXERgfdADGXTj8wwEAz\nneGYMcfIARlJTISXon79vzpWDllfloDW0IWyAqozyzvTd5SFziBxu+AWthsvcK/4RjY8aCpP1qcI\nHzkJiNB5Sb3XjnzwPPdrck0N3tR5GBPzgMdQQg==\n'),(39,1502134273509,0,1,2,'kNMDPLjBBOtvBi1SJDhJil7SKzymaW50pSkl1uZ/om1Y9r2qyEdPgSqkNDHUYKsILfjl7FLHcqc6\nQP+uwGGwa0qMNrw0hb7kWbl+1r7IAn8n86WKqneig5bDEd9Ecgio+Wv8KrYkantWj2e67488KFx8\n6LuhtQ4N6aj57nkv8H1Mw0pGzXf4/AqxNi9D+hHs2nS9O1pBF2siKfTdbYt4qJ99XSUJYBq56uey\nYJOjYgV+zjuu/kVvpqsWgKh2y3IVLNB6GpWXKyCOxT4ZXYEOBT5hAVksN1Hzin1ItrpRFpRICAWk\nqHvAtLFbKjv3AsWDxfx+3dBzBzxUrmGIezbeAJUM7ZU+77PX2GzuKS78lsB1ygEKLicg7cqFOxoW\niUIP4C29ktUHBz1yLPASkAweWuprVtwomgtCtw9Jp8VS3zssk1RCS5f1CGU8wTWXYVWlwB0BnlGy\njMsVKp3YU6snrX7srbmdEC3m7Jv+C7/SbmuM0aXDzoJ1OTS/JPoiwcaBn9Kjyc+YDim0KPbcl6tS\n8VFeDvTC7HsYacO6MYrSHx5+KUpGwL/y4nE+gc2oe5nVkTibDB3XeXuBIdynTmQ2UL8bFD39QrNd\n5A/eqC/qTbrwtvM4WrEhCekEF+EwqPZuhljlO57tHjrOO7IcYY4V6npufaOFhqrKapajxctlE7mF\nS4DW5kTQ1oaQLAshZEBF0baKC5Cl2km8hsyqiVw4XGmtnIazMF5/12bJaFsaBwrphNKezRr12YMa\nRPRqj107PYjJnM3oK6gtTiqK89JrkjmwfW8z904GcUmcRzOmpSnjM/eh6KmjzlW5I9grUMrpzE86\nAxnJg+8I52W/H+mi74khDhhjYl9Uc+0TqSWT1o36T6ggOSBpqnMHyvY4P4Lq3tPJkSqWOvym3PQC\ndB7aVASNwmecqnC7BogwON30DSH7HOwqKecD8blwdI9OEct3jJ4169PMript3/rrXvebvMypb+3B\nVOHvVfo13mHKFfNFbmcuSHG+8+FU7a9LfbFEvfBXZ+a9goo+10gK9cokZ8DhVXyeTWIe+llgqjjD\nSteqEwbZXHtEQ3SM/C0K9aFaau/LY6mnKrOukmBIi/LOE7Zvp7F0zR/izW5hUdjA1+qxtlvA7GsM\nxHVEd7cPMf2OqDoaseABoS5PwqrBBhkJpxn497brS+jaXK6nTiqTuQ4xyL1GoEWGAyO6uv84R2j2\nw4Vh4ejIHB3bBCs5gIJofYyyBsQWPER7SVzzvopsAPejMXdVaPREeBGYjOVwHZDkw66X12/DdjcJ\nF7P4oToHiNPt0YtMQa/y95cDePaCqMmSsLnLICnPCURe715v6ILs/zDsR79ptqzW/oWB8Qg=\n','i3Js\n','m763VKpgib4cyO9l58bzurLHmYmLo093ftk+tzKYldisow4nToWi5Riy+IhxWRC1kwBxwH3SPSDj\nHLLEBjc7STSLkAmHwHfauYyG9ERjKGFmvClmeF04i1UoMQB5IhHp2j/huahuJWoWXTP6kweGbewM\njE+cQ+nA80ORl3PiqS4Dk3tO5gHwI/LTGsPcopMiu1yFtb3q6kgBu6IkxCuzm4TTg/mRwwZS6xvz\nY9yTCpIcQNM4vhhp81M6rhGMXmjPrnMnNNHTmU5fLnB8uV0cZ3BXKsY4igpx6UYJYsnYE7yXlHUF\n+Z4NCzFyFenyI/hYvN5/V0YT61tEXTM4jx8Rww==\n'),(40,1502134403506,0,1,2,'mv9Ti7wBiC5kmbHBO1rcvNP/Bmd+r+gAvnd8cQ7Gz/x14v0tlKjCO2BnmLXyTR1zThGZ/WMKXidc\nzr2dvINdNOhPk+eJ2tmkhyXMzJwRKwQKUWN6f1mlGbRa+oHZiqm+Sw59ijz8lnUy0y1K6GigyEXW\nj+ue+Oc/jgwnWRh1YqxgE2fqcmaiG8IZOUYxXF/uKULrCVdAYyUf83/LXbjNeblvCA8H6s1VVQrs\nFzMf93ZfuZU1RcvdHDjUPrce4ht17GsuO2fYVRaCo+Sz/xO9rgu6wsVUjM8ARDb531UZX9CZ559h\n50iJu4lSX3Pm08JRu+PsW2ZmQliWaDuI1d52u+nuc/jFwiKmXhnU3tyveqsPM7cMshpCChlpHYfb\nIba9cYmWO23TWR6s142fdhWRjs6D9h6i8c2+fVhxAQkiGGt0EEBul7O8/vOtCluuYo803BYPf00b\nL/PKuVb1APTLE4tSuBpEErOmmZ6qdVRKnr865QAPmzjkZ8J6pQVjSnV8X0W8NQDq2WZRVM3Wwxdp\niNp/e4qtUrQIZhBHIIj3HzHSijMtIVtMaXWZ3bbyxAPjBCCPayYvbi1z99gN75RPdhejiXYHZVbP\nW5+aasYpLPVgGmg05ENL/9/xc2BpdzBbR0eJP8esekz2lRA4nneEhC2pPzRkGca8g9g4IXX9SCZq\nw5HDQ5KloCB/IgUVM1DN+JbR63HJGURbTfulbda/exvqUwwuVVg6snd1LI1qYlOnaeX5xCj9niyI\nAgLCO2o5l6QH8hQZi8xp4i5EhQB0/JOK7XB/7xe3o7YzlJdLhkVV5xTm49SUa6kx4g9DLkZgMtz0\ngEf3RuVT8YfjDx21UUz2hluFwmArI7jjOHRHzZTF6NulT39s+MXc/IH6OtniifILx1+QA7mahbEQ\n3dTdPqXhFh4YASJqtMEkYk/cIbqIhmOGaA2d3HXF2GNqzcpz5ReIsfj9aLe8qeGPvc4BBUCzhvMx\nH7JW9zhq45Jl/GhtDoKpqPG+4rU1JU1uoPhfS+6aTdurq5MkgAw838hKLIECMPauJJV0/JA2ba/T\nsWnhVu/R6Tv5ro0SJM3zhINbJQIiT7o0paO9CbOO3bAKc2+pdN5IPm/0K00L+WyUBgOHSxiS1hGC\nPkJfN0ikh8XOsjGAq08gbBpSBTGfICiGBT+U2Mf/nrYXh2sslxi5ASSi5lwB1KSK9mcaQwMrzT0I\n4f/HSEhFvMuBjtVTxgKh+4PMJiMyNBcJw4xYMS1+VF/YhgSdsoKLKMLcrIRFjAdKt7L60iPsEYCA\nZeWSEjcPBKMVSbZU0fT0r6QxVxrMWrg7/47k2YDE/3ExIC98UbTM3BMgP5yauFE1sGohOQw=\n','g7j9\n','v4LmDX1QasWJvfYYZtlYKzkXs1H1AmRCScBzKC1IgwHOWVEFyof9WnxW8+i4+J/X/LTED1ixNLy8\nSFlr+CC0GJUDxlh7ju+66tOIqttyiX68/x6OhY1Rg/F6Hc1mamxeG4DGMdTuNKABKTNhizPOKvlB\njoDgTSDrkFy98Vjfhp4zXIG69IwnmRS5VOp5YDo6G3mWaw/2+0ihgJUsgY4nYsPzyOsnFgTLehKO\nXMdnyK8IpnBTaJSMMLgHLQK6pGn44Uwi3sfNWBtpC2UGYPSqrKes/XkCBEHCbGhgz1ymnPcINXtH\nO3MkzzNbN+A4FaVce5Lk6C9+1wmxi08ufd9ydg==\n'),(41,1502134444220,0,1,2,'GbaxgOiS/7aMnMsXEb7xb1o4frKKNFh0b28A5LWi32wmXcDxetoA1eog4txprhRThgz6I9RwK/6C\nXl1wZtyNJyv5jMLTOqV/7GcNuu7O8tEjBdby6PfeRrgdfWsNeyjhhgJz2BNjNqfmcxtinVewBhQ/\n3IljJTOcYjGjGl7ZVLVfH3Fg8aNjBwgcHsoPDwgEkp6y7ObBLC2sQKaCXQXCgk3ndlX25YZofdHm\n7m7tFFUlrU8p9qGKiMhG0DZFaztjjUHPYM7JUqD62sEzKcWHugxia9+uGl3pR031CCwt/KMSshrv\nl8OjEuxwCJbcSfPsZ689V4jNTthOfJMy3oICkyHpZsLj5u/VREWeHA8tiGWxZzUSAFlc/HUTswR7\n1Z/bL1BIJl4oem0KVDQqLtBKqKe0JTvSAdQCdCLHrxF9/ukhOWUzx+m10CeVEAXWx/171Wo8yefY\npGTs74dno6XpHa+yxXs8FzEIAwUuwFyA1PHMQI2baj+wiYOZdzGzOe+2flBd3aJkjjtUoPoe+Ev4\n7PdIa7dfgW3dB1PW61q/+7nAnUH59yYZ+j6txjKrTLb43bkWQhPEU/zxCXS6M5WIo546p3X3S8XZ\nH+VfI6vmMT1Fph2/u/xigW22wdRpIEqswPrEHNuAuL6kZkiCCLwnJ+5AKATwqqjWzJUq7SHYfbHC\nmAVFFlkjvMxTmVudRjQXaQaQGMHSMRaaEbHt6d+9+79sHfP+aaxAlOX/zwEdV9brAFYUICim8Irv\nHQ/Sayp5Xa1yv5O7DZI6mdKfFnXTfDVhVWPTSGiNOEIvjZ6EgGVl6oadYeD6x1HwKmF+vIww/o1w\nPn1+XERDZTXCiYHk1D9r12HOJo/+zAQoeGLSwU6l3jO/xR0mZVuKf9dHmalYq0g4znHM4R7Ney37\nU9sT3sSCnETsLI6Sy3MHabXDd0ZITZH1qIxewzL998/mHlucTvHXd83lIPFRei/1xnInxlLjYTWL\nAO+AB73M8oKY3qlLUVjUxU9y2XV2ICXDYqOOJ5ak7DkVC1KhwyWFjgj28IPU/sAT7MA+bkRkLzIZ\nDPeZauHvZCzy7Jzt0y7RwdwZ9c3W/cw+EplZVW5zlbb8yb+0Fo40gHcyjXRaCi1tUD4BRLgkjW46\nQ3E6AFaESYn9GnB9eW0OEgiIpisXz5gWQQDxVEKynPgFGJV0ldKDK6Ga/73vmxz7eGBHlckTwy97\n06Dlf449ZAZBWWEGmKMMkLfL6aK7a5jwd/6cgzEGxQNwLewH1T6P1Otgqp9DIlyRv6DLbKHVH+Kr\n5MWxKzBXnlkGyocVB5m1kncnk4VqiKaSkbzhCODCDjCV5+LTPBKc9u8Indj4PpnO070ZPhY=\n','sra3VJrumk83xQ==\n','bWVODqbqss28uSZ9KfioU1PHKhkmTtbDgEb3IJkoI5YWiTwzXDq636p2BTuyRtWh1Afae2Igrts2\nDUHx8VqPSRg45ftJCTHEPR123pSAX+XMBIYM0bodY+LsQ/88+Z1uKI/dXj0v7A6coBUUuNEMFPnz\n9HWkE6ztqp8Sl0adeja+L1A9Hnl5Tg1L9KLiXQVEIJ2BTE4vmTUHPJsjJXgKXyaSv/55+Hbxtdbd\n4RPI0wAaPalpkudqu1O30vEdWSbSDdageCMnivJsB+xSM4YnUPOOyeC99yKl+sA9ElRBdjGcfse/\namrewqfe+PiUEYuvrcYgBCFAh72itKRoYazmWQ==\n'),(42,1502134702985,1502135184254,2,1,'5WLQZyCgVBfDdHKheSxkEC7nNicHt24Iy3inqdXL6/5qvG3+/+veimP9C7i+01hczDNvc4nBQ6Zu\naOVC8dZeDnXSk0moDZ8RvXcsbnqhvRAO4ASMhlDk9PPeBbb2RKGGPb38gx5ssmOVLTUqtiXCTcml\nrmrYcInCgNyjBHOrCXDfxnHA+ycFUPYxPP8SXhuWWG5jd2YX0dAj9ASBzq1jC2KiKhNsAWPGfgG6\nBTSyutQ7r6JdIwcWJOygiWwHFO+pJ4SpHiwzZ439o5Zk52Fo+WxldWDX+8bnMGihiajrPNmezoIR\n9cFSkfN0yJ1RpR4QBdNXaSL39XjT6bp4QxUhIbGqpTm0mD4YMcC4sp8bIo9yn0HTtKyaB6kFaoBK\nvxdpIazQ7omTfqlAzkDFrBQxVrg+e5pie0hET1eLp6mkcuuU6dH1OcummjqpNlZUFuOYsRuPJwRb\n/Lc9mQcfWb8kasVcoqw0sZj0aAJ8pfkPcKA/QRWzFS3jWACHh83XEyFAwbktGPWlnhxAhKOxffXY\nU+umshKwcfYQqL+W+SKYSvF9nYSv93pg09Kv/e+rSoTJhdNnn/qAIqGs0PWaxHZ2pKEzBkOQ/6UJ\nvh0VQw5G6vYtMUgMyS56ALqN2LqJq/bk7zV83GRv4nAWauY5w1jVo9vTJK1uao1fSjcJxhj1Gcxx\ncUTJ2h9/MgNMxWXG6YQRBqXQh958sB+c5qSDEYo+U7cyHpci9+TFpbMvbbr8y3p5VP3+usy2gl0E\n4pstdN0cGPQdwHK31H8Nie3t3UbgQRfAXXRvGBGTVbLk1rERk4FlHCF9LQTag5yKt/PxGnj4QOZj\nnsOPQ9TH+7gAMIWR8RNW2yqhlrrHQpdFZfqECSdf/Wcmx3y/q09jtWh3LOpwz7DguT2Pob9ChW1C\nJ1sWsWBfLGw1ogssrAKFDoHfJcbFi2EN6tYvCDi3otQR3B6rG2wahuKDYdyXjeXjsuZAOpmNBD55\nA8X1bmhrXQf4/s+8QMu+8dmk4paElEmlPmBXUedNjsm/uMp5+L/+w2c4u90tNS05MHyXWmb2Yc0Y\nD11tv6V00c8fdQslkFcEZUoP07Bm+TZcuX8Ok1uQatMRn0CtQG/eSLpgc7nkuFtVmQ9M84k2UNtO\nH2lTQzCLl5BN/0J2TqqArv+DbL2wS0KoV1gsiJ/pPDKD20EMWCjGwtgNms16ikWIoHHOk9V/pPIp\ni6AXxM0GWLs8RN9k2JJMSO4EO94VJ3IUg3q4RmX8vyM/dwj3XNEddBnE8ilOvj6ii8n6cJ+67sSS\nBH91UUvVXlls91Y6hDV1d0yeOw6xXxaIxvEdOY4olbDw5SDOv2AzFZCoh4n2X8otXMQxmh0=\n','P6Az9g==\n','G1MBkEVO01AV1I9RRT2B/NmTyfq+MlXa8ex9k/1ZZGXdd5pN42nazcb+Z2pXf7S+iBMRjC9zGOlV\ncwkqRXzdPTnNCnmnvNeUWueqJs0iAgAFI8nVgynho8rSJhRzxYuUVeBaalpBrBz8MpIfMbvKI3gT\n4GuD4vyd+GLnDQYLR9yw1Z4MDZTh5ljeEDqOU7bSh7HxaOtfpjPO5PAUneSwBe23/QhKH612URfp\nkl/IgU8vxkPXovgFhoKBIXXMcNhyFhCXd5EpUzxDM0O70QljnVGwFTogL9c4sji7LX2KPfMqeqJj\nvmWKYIV0m0qleBGFhZaNNGMs/VTAq6KJ65OPdw==\n'),(43,1502135197137,1502135379516,2,1,'qoaouCzqF7Vv3nPws8pujWTyJpd3MGXaxf96Ei355iabQ9wvB06t3OHmNaXKqPhcMPnbLwUeksyk\nv1o1k4YT404Kk0+VWpH2pdvK9HoRB0lGTAFKybvvvkUGxr8CGCqdXT5gelflAFT3Alcta6VN0qVZ\nlRGmPtJdrbq+6ne9u0mZTKuIaDV8WafdWy0OkJyq+7e++osiPyNW9Rp/8PZVutlilVlCkgdKvxRZ\n2hB2kuiE5ZFklsFL5MtlRDX3BFPimEYoc5Kqt3UDtfIyOu8nDdJO/Wqi7ywiVYCu0LxlFqkxdA/m\nuG3trr51w/x5nG9uEqghe2AWprUMNAw6MF8cfq2uem6m+Bv86rYMK2CUyFuGA6kCkOk1BoVdKCFN\n7z1bClo7cSqOGIVrxpL1fP7rC7TPcdNa13YAecxcG5VFq95t8M/tzHK7xKNH+hEc4li0h1TiRd5B\n6YHfloXjnhaCEoRJFwgLqKgApjEl36R35d0MxfiYXDiNQyrTZ5OR2QrN/9g4+rfqcsdZ3QNhlbZD\nOdWXNgRQFYF4eu0hkcfH2wQ+hGJ+f5mx3of/2beKngUjGtMGS2APBWPKxgEIS2oGBkhZBAxFB32P\nEqxkDlkg+AHvCvJM3HvtG5DObaHzhgbS8cO8fvG2bPrQJ6nWvP7l7zAZVqU7cvY0pG+DLS5MMkwe\niSKIA0hAKm6ikj2fW2j+tbqqk+fbCLZqRBYUFgRrUVPB1av6jJTFxUM2WzNIX+2CGO0Bb0kc4F32\nqoL8EhBwB8F8zK5cNaac4qspYWKdC4L2p4rLF/0NDZRAykFbg59ETs6XOeVeY2lZ+uWg1zItrtAb\n7yG47dNPL5cbONOBhSNNEbOU3hvIHNSt01i3bcU/53CTaBNptLNmY6zkg+7JYTHIot6KZxHeMDeM\nUuKIwvNTvZt5LEwHC9w/yEOGLOdS3aAf+1EcboQOXQfnSjBq6NP9V+THZjjmaD8hsplJqxcpIEV2\nhHKVqeUBMObgpwVs8KK6Jbu5VLGKrhQserTuR43A6gjP47OmXa+A4cZb8ZuwPLoYUmbowC/iqISe\na6c8rUs1qyokdPmBOZ0S9Al5jo2CccReaMRTtq7EK9PUOWCGsh1x1e82YNal/EvTDVtXbwQOSsJ1\nomgdiWLKoCVOtBDryySUdH81KGzDnGLGSMwmgqUlhqAeU8FIjthWqewo78x8+N2qRC+p6Rd5B75h\n0eFYF3+rwiSeBz1g24UlgQrjg+bqWUdfKEr3Qdy2aNvhXSpBN5O6gryMyrTRhE4AfXg60+NNHFsh\n9MChh7F35frGMoci+uRH83md8fytXQqOzyopgC4uEjQfqJFTfVFYuigF3eOmrc96jZDLdRA=\n','afwnmQ==\n','WHkPeRD2UmcUHYqIcU3LnRjvMA++PSc1yHltBWcZe3OmZ1Pi6kp5rbKOrv27045WcZwkkJUlJwcN\n0La6+y3QwnW8387Abyfu9eu0LO2Tgxybyl+v+zs4K/gwVUBQJuarEXR7B/Ldxr9qWCEJoJKtKfLr\n4g0euDBHxw15wez35EJRZYsvye5OE8MVlkRs6/+A3XPh9gNASwBTMcEPMT9cR+9uhlfjlynmAUuv\nMxHTshOGpjkDWvfRufdCg3xp5Gxk7uIoPZ3yU3nhdVPw9VT2mt9LryOz6XNpjah4CNSps/9Bz6oz\nOuta/42jpG9E3y49NRJxw1vtKDEIC1+cKrbvrw==\n'),(44,1502135388519,0,1,2,'qKuUZ8/6XXavUmgWx9moAcTqsyqVBtVg64Ww/TdN3M4WFXJLkXdxARBCRrQCvhQ7apYDNmpSfdvO\nxQ4usq5W11Hol5hX/JiyxkgKRtZBcmEK4nSmjCvY6+jwtg1ECUN9vGBeN5zlaG4UH2TX218imJQO\nQcA9Cc57McKOpzquq9jVd16H0xOs4EIM0DWs76wdKtk8fYk/QeZWJpTaGZhc+6f9N6oaic9BYCfk\nPH2kyPQIQX2IeAg7PU/HdAQC4b/wm7AJptEX4UdSxNqEL4rkgFeXTysjy+nS65ZiDKJxURZEP7+b\nOusTEftnCCss7ayvyLtMFFOf4MBFXhQNNC6UEwHQFCVt6xN5Jeiwk9u+a0EdP6ztIKijXhSX4eNj\nuDYJFN2za4s5DaLAO9tetZZNpDL4SwqKwWiJNNDD1zJobOA6LrCzw1VFVAV5OA1ZhOjbx+PcIl48\nzhmXgT4fdjsC9pFSol8JZGAJgaXETzXVa5ijsdk0TEgUiSvl8KQl9fQ4tjzwNXJLAqDQcGL2ipC5\nkrJSvis7iRhx+O/J5tuvzPYpJDXmW6dCE+B7c2FDSCrc7x2qHwZYmJ+XIaS9WblhldTyWZzKd0us\nWurcsai0DGYlLb4GRMVxWFM7bCuPceh7gx+zk/7YrR697qRw9mdUctTkraIQHMw7JKu/XSH9MwqK\nihl4tdDb/4i9OKtZAKCJ0IJpReV8a8pbnY3nUfNQGR1dcluk4YTr3EqEfrf1Z5bBvOqF5m6G0som\nV8JBIbpyPg8lD/6ITaQTiUei5QLTNv3TGKbunr5xORo2/JdowSye6VOCRdRloopWGeTLqUwZtgHR\n8OeNl8fRD62Sk3s5ZSFQZH3/fUIT3mWxwywzKvBJDu5ROaGcuFf8C8CHvawDlltsy3lhvSkgRM9e\nuu4OwDyzPBcF+3Gizy7lZl/Rx/RhCaRcrpAlj25nJYOxzJC7K8FHt5FxF+cJSurx+K6Op9Iv6pzW\njzm5ZyjLVbjigWOlbq1eIz6tLwS6/WJVPxwNgTjTCbQC4t8e3VSpba7KVPpf5X68pI/z1Y31EzZ2\nKHZlmRgtu8bIGGRI0RI/7e/CfxNtCC4/Uaxrx3gUaLYKY5xzwTs4i7b1LXhoU3+VxnvonR3fe163\nYXlZwj9km3jMtfoKlsB2wD1Il49kI9it+Xsr/qde8T75oGIdbPh67sFgmIvrEYw+D/jbojS16Way\n8aS7s1y2MPJfxGgQSX9fqmSY4Gza+8juW5HVixOOE3UQvgmdf+bBfawJEhMGWfFExAoz8sdmA4IF\naM4ZYr2mLyyfkjRYVtXLs8dDN+43OhtZVt6SrLjpb2fmfkFdq5h0oKygWa8k/Ucz9/pmVhc=\n','64bv/Q==\n','Hm4umoDf2kwQLclLIXM7xXoKkVgpr6Z1+4WGLNV7RcATiKtbEr9sJTNDE9QbVi7YU0zQ2epS1cff\nXFPBdGxbHMJ/pJiZFt8uTn2nYdfDWgPGVQTpyOCuR96cyIgT/YJu9Km3HeCPcmjdNIWVFFoyW5dp\nl3ojLqE9xsyDLMILEIc7la67S272psIHvvI4k6CrZoXjZssYc8JcDEdu1KZoko4aCKxIHcMUfeay\nWQoag99X+sJEgWVvKLv7C+9UZzVmYzDOajPn3IRmdpAXzMbrMYD19OrSdegFpVLvbysPezxRql2K\nhTPvH5ZwNcfs34FXoulFOaHhImJ58mBn26T+Pw==\n'),(45,1502135628576,0,1,2,'2c7kdUwRZ06DpztPWwTl+Po4CAjat6qAGQftuWhk3Lt3zOrB42N8tS1LRhMHu/lIbaHvS6dagyZg\ndNWtMPweJKaMo5/kmd/Ddjp9haTAWPkUsmB9prOpUoSCw1vmF3w8Fyc1/CMvoznT4VuYeb/xQ/uF\n/OTCXkCLqC701RfoQt7nE+326o4OANGsqNpCYvexycqFCQMzP/Y/uhY6AFvoOff41/ajic3C8CBm\nHkAC8HCytpT8Her/NxWJDdS3anOTGxgzG7D8fMhgVGHGtTEPhOqYvtIwZ/dMmF78z1jMLctC03FJ\nhB5lbadHc8zHu1IhNTWO+GEU7fEkXFqzWq3ISbiKb7551+Y407xQU1IQpaueTYCU8pgNEFNZ68I8\nbEhQhqg3iRgmKii2tXmWEE0hkqtmT/gt1M/cWAs6+xYg1RVHKgQYPksrtqZhZHeqqhiHYE0y/48y\nEBohwQe234919YzWJcDaWxXFs45qGUg0zsjcsrPrjDXyOhp9rY6EOFZlpPPO5geneb3JeayHKweK\n4rSDHPvdvq9tRjoKvIv0cVhoMVc7hZF9P8VNp2Tr0wLD0jVHjB/GxVXW6g5oOeY58m1HvpsXMFnC\n0qFGdvIqovsy+NvEZqTpV9vORrf4pwbEOhvmbLnbENHSDtTBJNCS1Hx2DH9jPuECtx3w1AH5IhrH\nz0Oszw/EdVfRv7CvmlIPuavdkdcHv7nQKHQ0nTjw94yEZv3t+K9nIIbEj4Tn/daTo4k2TcXcPYLn\nR2HBOT7KFpe9FpCZtyexgOizETbyWIgRR2R1lkuD6QollkgXx3bfGh559UCeiADRPtVPSu4iTyiN\netfGwGSZQhIYk4vpacXPu2wPh+5LvVKK5r1Z17NVD8fb3btgKdyTeNd/qbEJ5VfgsQCYnM5TIHTb\n4gvJ8hUmpHew3CLC0HzObb50ERh+3+jBhww2yHlo7SHbkVtFxedJam260qSRESKTfUTFLjXeS/+u\nFpItlR4V03JiCmE2ObJ/f81Mr1WpiYta3bTIHIZBzgI8eUNozEka87+qf71k+crVKTK6h4aIhB5S\nGB49cTVtH7QVqHzFh/o24DB1Ke/EVqYnQMLvquxhSyF1r4c7Q0SMSzEb4Qh4uTHX9w/zm9tXyocE\nOHtg3+wa+u2HqPiLwjjNxlKG0Bh6WIdDCTg/AaX4FU1uPbbSJkogjrRwECDOnlNOp5HBWHlwDx9v\nMJ6A7Fp03GNSJUObKD/zsCaaQUxUdbZgwoyfvd54+eONyNbFvWXyn2YDbi6pZPb/cz9JrkN1baWa\n9eIb35HflYwxerAoSqBl4s0hYa5x3bmX0G/GG0CVSmVrup5zLlCzZ0krcqppWk2yStLrIhE=\n','xL2z\n','OpGHRw2VJqOf5aXWsrksZvZcYJABA0PRGbr9jDvc2RqpudGNn5c2u5+aj+AGrNHIMmjddTAdUVwc\n/XPwO80c0FbCoQXsFrIg3Vk5bTRn5sfKVJn9qdItLkbzqcXMKJemyKUYNnBY6jtcvKShwMnuHbpW\nOlWCDmHk1pAZFqDZw/AG0S+qlKnl+yRdG7bObBGhTOJ3t+ohdKj48WGI4dg+tFXn6ce6IPGFELsA\nNK0CkyeJW5mkIzNbgmLEAt7rj72+AgaSI3I6GGeiSlr+glndqE9BtcoPKBCAPgsJEoCZXzJ89+Ye\nUAvCOwNxVIf7TrDvIJdMQVMlQY3BbKqousMChw==\n'),(46,1502136109172,0,1,2,'1NppkEDGDB7vbqdCFN9wcTj3HbPpUzLCy6Lcf8px68u5WsjxcotIJ5zPQfYxnUWCjjpLM8u0ocT5\nGotWC3PDqz9Wc6VgYs0q1fIC1NIJk616yq3RMoa691LRgq7Cge+kSEmh7slnsUWH5H3jlag+Trf9\nJKxXuwaD9h2nqzkSlkTCcYuMumeABLRNW9FxltyRLSTSOCB00Rak9q57IZWkkEajqv5W0MvkEg3o\nnrkfcyjqToDh/MWJwcLG/n//bRj7XpJoONHr210oSFBRN2hHLPTx7RqUCQPWBs4/vFtPeeIdmgY7\nYAg5ucwKFT5sMKOkHzJ7/agKzf4fvCfB3ruVoSfVmvTbv1XIVzYvpNk82UAe+X0mHMwkFcEPgP6K\nN/4J9kcWkpVCMyzCmqw606uDOnkp2Zd1L05/YgOEcMCAbOLDyiBcJTcAVAwQpfAw0bJovam1hyHJ\neFCEPslMR314ipp2pAF1SlOyDpRtjInCYPIfbizfgquy7gfdHOe5MgD31CryxszqhtdGvsOlkSCZ\n5OeEngeV7mz2C0dDItlhbkY70oqxTX3S0JiF/cFkH84LwQZDS8hAntXdhONSIRgh2r7sslwNSUul\nBEU3gvvfFdXRrpOS8604CTO1PqqgK2q0YFgtn5DB8LpUbIUvx/kZhbdxUbspaxv2EA0kfEuFNPQP\n8c6rWYKAEp3akdNariy33fFh+8M73KAeqa5qTr1s3pobzbQb4L8MYO0xGl7PdnzvUBQYvslynQzE\n2IxVuc7dzwk8zegBuBO9xqcfCAEGlmL3F/68+GnzzT82FsCEjruJEw7G2MG/DT3hBqviKyAZ+Pdd\nQzt5OlQ7kQWJreERd9+R54s/pv4F+UEjMFUps5yfyUo6kqf7chouv1ODBo4lHIuEMW9jNLo0HEXD\ndTLyni0SXJf27aoyuSMIr6Vp83RpglXDyisuPTtb04nGaIVFhdb/Xh164heqcVi2n4J3Asv8oiKC\nu0KGD7274iHtwj6QASxS6ApIepaW7B1R+by37ZGC1RMPyslkUIJhkU3P2rqv6O3FQPA+jjYj2w6y\nUwHT1IT8ops80XQ1qXjXaL5FZGyTNUwlZq6uEWSBGEGumE6UVxfJY7Ux97bXPuppjLowzNzjg7km\noohQNNDK4Qq3msS0FoBwq53UmiAaFXjLQ+AXfEmvZ24g7QD6hJ08Rh5kSgpHOzP7sNF9ASG9L4Fw\nd8OrtfEU+XVuh4hf6HAeec9cdPdgDjqfslQIINuy89Mhij64mUbxB6zlGTBJ2GsQJ3uhko3eTlWo\njwJPDOb2dgHFb5lnab1J81GJ5qJkJoQFwHGrnRQd/o9sZj8aOakfD5luGny5Ja5my7ZuOAA=\n','06csqg==\n','o45O6geKC01+lpvhAxHp7d/A3NCizzAay6cGGFjUi2OBDb7DyC5tQNwE4xZpSCJ1uXeQmFk7K+b7\ngjyKVHKdhcv5rJ/RUpN0ZCSR3mt6d1sy4kYya2diDEpIVPZww4+W3UCAZenGlYxhD50jJanH7aFo\nkcay7U9fQcXXZag+WJUCNkIOsrDyAdx0leJ5gLxBllGxEPYxvLjNg1z/ICxUYHF8XVlPAR4lPiIm\n1kZMBOWdMTtY9echgsaTELA9PSYojO52t+uCbD5gKONHsBw8cBwgcY9XhL9XMrljKnoPPx+6HYB4\nCM4/1LcD5TeoIZ1D5LD5MqkC8kHzF48eWCCJZA==\n'),(47,1502136896649,0,1,2,'z4GUwjlmph/thkx/euPE4QSDB1adgOfVwAWWL+b1YxJa0hJlqKfVBAQUJbRlwI8d0+6VNa6ZXlid\nBKGMnjoX0n7BHwywloVMjhTKdtzq37QRTnuOLrJhgJYhjvh5eRrGvz76Ar0pQ5Mu/4DQ5Um86kiJ\n84Uysrs0d+G1lFfZDmOFSlL7aGkJkkpiatt95VJHaaVWE6EhmUwPrlhLkylY6MNOUnb6KuXDgJyO\nbtTf+u9vOvJ+LNo/s4X79F1GAVlOhTHnqJ6kl7USxS57jVJza8qMz22W18zRom3XKUy5hSDhJXnJ\nXOWCWS3hPqCiKRF1DekIdbdScZMJWuY6mcWpvmfFkkhE+UJEKXTM52u1S+A9f/zSK7WNrjUpl8/A\n5SNthQrGvAUSH0JhGPR3GyUJRgEzZ2MiTFHg9dFrkvURziCgpzMGMW7bFvvm8zIDsmLbrAGk0ZDC\nn68XJyDL4Flg4sIdgdRL6fmru9Wqv3GaeydlgyiO3uACgMSRPPF+RVGVD3/0oRIfd0lfqOuFyLg6\nMOX3RGhvX+2d6oX6hJIcqzDTaRJkvNZVOo4Lxh/omnx7p73i5EViuah8bvICodsDZHOO42ULF96d\noll0xxMXPwQ4g0ctJ70gDdEnHsjoomCdGScZDCoMF0z59xwWa8/agsEqFTIAcrcpP7mZuwCCrAXz\nZ80trNdX4cauGeJnxpKF32rXnYg/WowpxTiziCI+87/Zh4M27e0O+hysj+7yxp+H/goP7X+cXSWV\nbCuLDsbw7YHLmQveQ4kSOYHpcj70oNJ1n5d44D2gaqjdpnPiO0RubaonHYsGCtP+gfUq6lvl97xc\nm9MmDy0iRpDWJlekk1hZbGu0j9+dewa5Q00AehG+OmhQ5rRisRiUYHPftDqwyYpRUu5Gx2RcL+eD\nWL7vu3TSAeRb3le3a1v6TMfFFthw3fmzO9UkMoSKsdjVRls3WH4Ndoh/b7UOjYT+HKAr5jRGkcA4\nIPQc+3kAvqlHlLR1im3HiBEgnP3UZYwaEVTIeHCK35UVeoNhts73LN9SWOXzvL1bIp+RHUQ91DF1\nSQoLju60j3gv20mtJTnfcqfgKWqXnssxQ0mAhZec3jdzc3hkb1JGs3rwsXevZ7HleiH0zr913OOC\nTnccEuPzGzTWshbNqoukk1qYBQD3h9X6FyQU7BIrYBGlKTgc8TE0rflKS8C9gNQqL1L6pqHir9tD\nhQ6MbUO55g3LOTTarU9Xidt9UsKAhxTdRYwcGpJUA2vRxRPuWGWsqYShi/i6nB5FBEZIi4k+67yB\ngHue4Szt+1MwO+YTzqFAgi3v1dz5lYaDmrdof7ggrooTttlWA5OVR5Qaf/wY0EHZk6yqkQE=\n','VkyF8Nls\n','Y2HfkL9FHkV4uNL0wWnw/vP6vCGF1vNvkaLwLvTjW94qox5enjKIvcvbyXy115dlSO0A8tXSWj4I\n9//nr8OZj4/aDuthyA2uLkRkXgrRv9Krrplxk5O1d8NCtVE0WSQcuHILoJ4E0ZNciM7TPXGj46yZ\nqgzgPQ+1yhYy/oV7FgqFbOHr0rYQd3xLpF4IP6bRPscVRyleaMvVfUR+BnRGPSwBGv0IQagM6RCF\nxOQ4G7kMqleuf+II9fAZjIw51SARnSJb6SNgDv5FdiwFJfRbv4/ilgI5L6H9NfeBoUXXCn9xNtCB\nCVqo0bdvvojgeZM4QS9jtYboz4zzdAwioj0OHg==\n'),(48,1502137088161,0,1,2,'YI7BK9DKOZ1AZpH2XbkIMMCsEvxNpBcHgVPeWms+SWL+ljj8UcgddKjqRd3KU+OYJ0k4L62ZND7a\nl370575XkAQh5Z4M44Yf30dqgRL3A7631YMJ/8oeRvCH7XGmPr2MZ/yGsHdAsxk1SA/Fgb68fC1W\nTAHu1sJ89QR0YHwS7nsw8030RVTDmkbBYk3KrYxhA+CeccyDI8PD6B5EOlBCKAlILloygMV58g8N\nIkCYrkeCqj75rGgs12vkmGPoXqKsNqVdXCGnsJNgTgdRBvQ7eRKrzeGKMTYlakG8kP9YQpSun+yQ\nsPW9h3JpELZh2U4RGuEcy0gjPvjmnyfKTdE496pBeQLWPQkCXewysvyKYQntiIXOIHBqLshwdQ5v\n5+Qr/jkmUyVRK6Kktqz4FjafAFQbBuU9i1LmZ0mxpxahw5qbPmAx/Dy6cEJeenvFWwYByU2A+QUi\nNyw4qjhBPxVHWp7v/ifubTlYI6Cg6SibCeDHZPj+SSlSolqes/UnAolyDoPyGFL80aQfcjWLd3Kr\nuts9Nw7mFSOG/YsgA1hcTPSUWGjHxz5rHpbidvwDR8EqVaqiNahgxUM7Aqhho0T8LfJ7MRYuVsob\nBduHQIXQiizDHymzrHhML7gSpl9Rdi6XhQjfF3UbCtP68koGcD+Y10BmCI3hdthfL9wjFtXyMQvV\nuNt+rrgKFgXNIKUal32G9Ls/hDWOvtdQBbCf3K9S0sPlreVq28PI7p3ZwudZTtD5uXu6sdb42u3s\ngtPsmYHb8+76ikXaNnPK2QetKhS5nPn+HB//KZmSX80y1JY5D2sM1Zpx2LywPmdkT+WhCJuI+VJ9\nA/g8kEaNAXfxilXhp4leFtoVFibWlx5oEBzXe9bvSPvvb5uqWGDujpP4xLhha7HzZS6PulZHsUfW\nWC8jCCOoMxz/3TQX9XBROGnv80BE4g0RqjPrqnlCs/i4EURKDsvGBl73SiNDN+grHKjdLRtx8//g\nF1ZOiw/okjUidn7G2VMXmLeTrni/KxsOxg0z0L+OHoLUSMXgndWGQYTR4UHEHdpq9wYyNOvXuXm1\ndfdjXppyaUUFw2G2qM6oDBp8xYWBzNggo0llFQMujRNbEbpO1He7j/Os1d3f0a+rb/zm2pM518Jz\n/JR+d5EcE7u96MfNhlMV2NQWWrISz/uPH8c5Iasy72E310Xlnt30oZKICvZYp3PF2XoX0qTdcV6z\ndlHRf9Zqxd6FJcCQPPISAMM70ozCOEoWrLEivy4FDk9l3C0oiY0p1flzbBS/Y43myGXwtuTP9Sry\nEaH5PRITwk+DqE7qV+NG6mtduyVWI+mhrmkmNgtWnjvnH3zQh1xe6H247lEVV76uIC5DHQ8=\n','aYbISQUI\n','Cqb8suIQnQeNO9szMQSJl/dkrk/MTfkGC+B7Eu02On63W/2P7e4uH+Wg8BrdVC6Urev7AdblVy4F\n2nzSWPpivWsJpWTNCTw4qtOC97h72QV0UNtbSDCGfdlZ+l+qs6IbaLZkxBVufuWVqsS1Rj5ghmAG\nLQYsN/hAsorVh29OBcFa73H43AxR88FCOG+HGi7BY3BcSQroiIxhWAupsH9NLiFzS6Oa60svGIVB\ndlZHCpF36Soankl2Mh0w/EjX/0b5U6Hqqkrs5ta1hu8toqAuVdPSVZWZJ6nh6Wy93W6ry0oae1ls\nz6myD32Z7ZA0qhkrl1yScHI1Y8ZERZ4ORlBGyw==\n'),(49,1502137194473,0,1,2,'YaWOZ0bT6njSNYDtL12H2MtGom9rLHQz+Gs3RzV2e1ThU6Dj6uTWyISeKKWBvyIA8K+1EpkVieAB\n5Z2umezyJbzSvZJxZ9CDuaT5ssa6hTLVsey6xqqqdnA9mu5XaVthZ/guBh+sA3B7ghV2WLmbc0bX\nrdAr4OQc7FWBl2W3gHsYvC5U0/4azBinj8wD/J/GQZW75hqJlmldEsP7fvPDha3rQd2aVG4eXdTq\nb96ImrDqOomsqgTtTUSFlRGKCwapIY0nxhKEZ3Zh7a925VKrDx7ShQmj1Yrki64VKpXV/97bUo/q\n3XMMx+4AjARwnPdJuPOMy63tDo2RDqR4mgMEZF2B38zx7jNf7Ue+n2ag4CFs3kmvVdMmKAg3f4Le\n63ideFHsqw/sKdLgusnDW2Ngk6etFflic46jMbUMHq5Hox8ebNk1wl84LGOsCRK2X0sHspH+kxga\nZdNDJItgPQi7kyGDmrVj91V4yHHeVPswcGDDuTF8fWP+OKw++Bs+9lcyqrHh+0qPv54aaUyNXzC+\nobWI+2BnBkehBVRYx870hN9Ji2L7aKb+eR/dJZU6tOuCtSAdVLaNK2hgJAAlqFavsERXNW6DDX9k\n5gU+pGI9AHEf+HS5JndgIcSso52k2CEPyLJinwxOho+7Q/tQYtsZ0NA7CfC87IHcLfeSyAOl3DKF\n9u5r8QcNN+LmEIPIH5AoYg6Cs+WYg7Q8NJDMu6JvXgfxyq7E1Dtn/gv0fQLccuE0eObwNyN9Rpc6\nVzTctSVb+V5VcBHS5cHxLtvUGwg5MdywA23C/QW8Y7XM3KJ1Hq6B0SB4pyy9FWns3LPQbnaNhF3Y\nDzKKP3Xd5CsefAX7M8G1+1teOqCC8QtLY38XlS0nuGysBibTuQzK8src8LzC2wEwLsMqR+kSIGfk\nOcGiPdDdR78r3GBcldY2qMoCTmXGIwImh6B8Edc2NhPtQmIaHRtYrIcnYbOZVgIGbL3LjT1a8w7W\n8KKucXuSMT8v1Tx0YL0GTXEBTvw3cxcZehGGicwTFV7ZWrLwlvXDBtp1ZEcaTfqQky18LEaeoo8A\n2r1NoP1Nh1uU1kVUvVZ9nYx1/2W8R5tBSOYgLSjvbEEBnQIc5xcpQPDGGcv5nRSjdHEBSQZyV5gt\nq7oP8ZuSW1Uu0Nj30R+5mqkee0NRrxrqaG8+DdfA5gux/jKL4ACZjV8N+/JMf9SVIhOdg1FESe3n\n8JYUzPk/551tahrNeH8rF6eMQkeAFw+4bqe0SyETYci5p10twuOZZqLN+765lBg4qTpRcUzlznUZ\npDItcFV/MKjoFDINKgja5aRiBnNwlL4s4UISep6/gy6bqs+GIxTj7YSv2L6hdzs76ySDpRI=\n','f/9YCos=\n','hH8X80Ks/IWqWQ/9zV0uPKkjU+G6jMjVzM+k5nokNaP5hP6DotB3cEJ0B5LY/5CaNxPxpmG81xE8\nCqTWkc9xnHuCUT5E6E6ZoZujDVLYvHRGtPyDhdK0w8L6HUiowVDhdsf0OfIdBi75tsC2XkDc6C3z\nU0OkTnMipmamj0g+KkiFQqy3qPYtBldJFlQs66/uG3ckw5NEJ+Hi4gXCQIgIlziSX16Wx2IxNNF1\nzqUtPdqgEVa667XvM9HKLm7I9cQjsvzYTQhrJVXDl9/xzQeWl3YG/9a6bzb1V7V7Y2ZkZhAyrBIN\nAnjk+VEWE16y7X0Er7ug+H2zBQj2enuR8Mko/w==\n'),(50,1502137223207,1502147388891,1,1,'iBO7tA3kUm0z3P2SarJIkfWUiNB2zBqNv/ZgXfY7B4aaFAOsemDmniJPKwQRZHz/C0V/FIJ7J7c6\nDOPYiDtF/s1qzpGy/dv+XJbNX7zlv+Lg9raFpQevkB4TJ3qjrgDDJu8cxldBCzJ6qmwJeQJoJKeq\nmRu9uz9TmQmnavXmpv6Fv8gHv+N3qIZxFZxK95hjaopnIpq6R4tgZ8FFrnr8rX8SJ34cuKnV+kll\noTaip6pHZltP7GpQ6HgXvCVNUIAJejgko3eVz87PVAjl5tHuu10Cum+GZn19KIUeBX1gmcawbUG6\nZXlBDWnJlrC98HNglwKqY90Ot37FWkmjUNok/ocNr5e5g6E3gr9nj1OjAspJXC2G98Lg4RWtgwBa\nx03RbQNZnvVdopFH6mbhE5zf58uJHyzlYi/XhEbKDLuq8WRXcdBQPjhF2ZyQZrNEgJ47qfB5vfDB\nd5jYgumOB4TwfeyNhyiaQBev4cejM+roX53W4oYtRBCJUT8CcFP6VFuSlWI4ezHPV0MDuSIQXlYI\nA6Rg2/wnLVIn5l2MEEBDCOj2hgnLirBA2XfrJyGH5obHcQjuWfXcTECE5E/KOAJDprMsuP1atRJP\n5E2Fou9kMVK8Lfrbe/9Rr2uQOXriEKxOrs5ch+2f5hO/UCNL/emx6G2bx15BVPCSKjLWE++HrFUs\nkCuxtb4CsaHRCFVE150/si2xyEbFMERKsuhO1sjT/6uo1wJRco+hpdsHPmpwBc1p+xIzT4cJNi9O\nOAqQJXxGvgDciICHWgVCne5rUDZO0gmA6v+hR+kUK4m+dhefyNoJjt1fSQ+a/s14pxndJItPU95M\nW5iRgG+k/IdRO8zwPGyrE5u1wyYkhrTS3PZGL7mjMLJyV7s2r4HK/fOJHjRTOk/ZUe3mltRfWhRs\nSUo7XJIa0o2Qjzk9pLXaTD2+Oob4h5ue2VG2jRIHBgB/qPM6weYD9SsgkcbrbOL60SyVKo+yzCef\nXBhTJHO3NUFB6J4NqKLvagamsxZpyO66FKc3sxbYfaVpUsMVlUseIu3oBnQMsd9S8fvl8cHULJoC\nRO/vfpeDK/Nr5bCu/F1G377WbZ2EDuiY8D416MCLPJ2TwgMpP/citNnMmP0SmR7sppaVYZ+gL0+k\n5ogXMfOldPQTgyXCUTopQGaH0S6fTJFNxkUE8pTyVGww/u2JASVarioSPua71W5mGF5DvFIBDoFb\nFf3zorLc23ElA5NSCVoxVDyqUrsytQ5OXDIdLPvPfTw3H8bN0wXqHrf0/EJtJ3KmDxcnQ6pnBV7T\nICDfDtUhq78kQ2CqKP3kmd82IE8VhxfqNaTgLqKiyPlX6JYq2ymkFD8kbxKWdwDw06Ik/hY=\n','X3L/82Ui2oLJ\n','Hgx3DDx2wkt6xOqybrjTQrzYDr4lWPMCSHT8NufEI4RK/h1T2J6cw4tizImSzSMTJGiW8kOZHixw\n8XSpUURapphqE/hNudNO/6H/vIkyYRS9c3NWLfj3jc2TLVKRmLtlxvfzNSaN7zLu/GqGdw487rM0\nLXMnNO7Q+e2Qxzaite0zH8DodqLg0RGnoHL9szv2lcpdqwd1oxM1kvsnZ7Z1Tlaio/Q/khWBeju5\nX4q/lAQ3Ly6keHExbXS/0BrAr5YrF5PgC0KsUMxSqz9gxlwKRSS1qlq1YBkoh9v+NJRrx57YXY2R\ndkorW2RcBTSmfQABtCwcd3SPgZX92lm3ONXheg==\n'),(51,1502137741607,1502147660754,2,1,'MQP0ETshm7WtHlo4BrCT+grFffh+f9nMYMdx6w2D7iaUV749vrBoZJInr5Ip8N2rX7qs+yXJ2cH3\nKbw8bLaDzByaPAtK9AvVA16P8QI1O1CkPLeKIlUVbsSKmz9rxuGnx4fQ+6qY8LUpJ8LRHSS+4TYC\ng8lHQr2Kwwpsut3tnvp8Za7az5kEis6k6oMHIcoQGaU+VQhqRZB5Be3RH1KMniqbh4oj2pt4UShK\ntiDq/4v06HPjIp+LYAUPHmUM7hZpVnqfibuWoxZN7EW2PX5gQnFtw/PwumDPFOky96CY6jIF6a/i\ni04xUX1aDy/7NKqMLJ82sgL4/E1Wwemyc/7A6Hi7trThBq0c6arErKyuYHFDPdx+hM7ul01uKkEN\n4F15B7MldI9rCwiI/YWNhXnurjd/hzfJ63SRLHoraK4lmH1nyYi6BLYR1VZE9EcQFOuTne/LxNll\n+beD87by6Gk+C8VZbEaczg8nEXLeZte9tKn3xOSeAYJYO0bmylIvx78mH8HcUAMGPieu5cC6AZdB\nMhhmJsX/qweEgPPbn3HRqOZdM7M8mPfW2cxUzUuV3iV5hEwK97lnQPf1wTs5fvzwMUvmNkcmz4C0\nxTgDAw/Yhb3Pt1reURZzNQjUzMWUe4cpP43bIgIlzqedjEwNUDlikI0WHpRG7A8XGQHTCFyGmjkS\nGt1kNXJ0NcgJhAnGPRxVdT+N+KOyhTbuYFwaShl3aIMJmUSrumP04WH38ypI/XyVfT9Wt8rQv1l6\nJ3YGTz2vDClxdOsegQorgP+HkN9Dcu8wBeufKVdxo15dYER2HJlyQtuRDCGmZnDtokjB4FOETO6q\nZOgIl+V0/Tw3MwzdU+6Ku/koAv6S2UoswpNk1ReTrjVk/YMPzIGkT9Hj4SpAX29XYC0e3WCVhFzE\nu26n/G4kRLbP/Vhr5+EC9KT2r7cqJI0HmlGgGXFBtIkcb0Uv/xFTgljXF12mQTiaGFAL9BzmN762\nHhbU6C2FHpWH3oe2X0WJGOeP+CKIOL+UQqcRNJyCVzobIg79niwxT3ZKU4W52JpkXJYC553mzA94\nCrFPNilGc5XdZxoHZRE4IXF/scFJxF/LEjq1Nu86IIG+l/ubUMhlHlRLUx0f4Cf05TbtRDUskUyT\ng6slgAI/G6PXdHdUJ1h57Me8MWF9LW/DxmyGBjabG+OecjEVlHn6Kh3clsyOk8gE8OynWW7rxpgk\n8Qb0/WSI9jDnvoZZxzB/rT+mzF+kH2vXM1ixP2syuTeVy15h/XYe5gK5o2xZyhPz/a0En4zpAVM/\n5bn1+ib3RU+ztfzR3cO9EXMUdU8sG51CAVgeW1eIFOd70GPfDZNZXUuU8HAIxY9a3fOCXxU=\n','6zS3Mn3D\n','xhd8apL3VxEM4ZEjNNWp7IXY4GQQ2kcKKkXuUol3Am3l53slfxtkCZLKUXL/lP8BI6IUyOqThF6I\ntPDE3HvP+4euL6wcwVRTQ8wMdMk6h81YIpBYvIOzG77x1uV7YIP0Q4TwozPmZwbrlJURaC7c920i\nrlidr9RVY3bptgTDtCuEcn35yaL3b31Wy1tuuRI1psb8P152JMO80cV7QSFVMXyFPOFhFG5AUlf1\nCFJLTkElYCg7r0IXxs/BBZ1j85LfIcaSU2qhm7VpareiPRNvdkypCVZOYs7RTzp5AA2ziZtEPh62\nqcMZupZVi3dzRaWhkvu80muPbA41rTaIayQwxQ==\n'),(52,1502138322229,1502149762380,4,1,'dPnWzlE8TdSCxiIbDDEoaChKibUZWi3RPIJX6DlwDimh+4L7iyUvhMJ/9Z9v4+PdjMxh8/DZEMaM\n1UMOMOU8jjkN2p6AmiNmtf77R/PKMXa0tVCapoGbCOX4aLjXuGP7ZmLcQ+2bXpjTbntSY15+rm2B\nQJFWfYKBGdu33fMY58+iTUUc29bL4Y/998VlBiW7eiRcdEC7HrXb4fwmvrWDHKVMQS5sQD1s07t1\n0fay1ujwQLz3wL1E1/H6YAAS3vmLT8zptT2niHueUMqRSW5CZqn9hxzfzu412qiHw+a7FZ3tGCnw\ngBNvDPhIKRt9IJqSjheNleFR0fkES0X3OaPJsI+Q8wCqvjbcTcxumjsGtZuTTt3hTCErkvf0a+FP\nMPV+8TTMVeP8H0SX12rcuuD2xYjN2CJzX2AOsio2RrYCf6SDlmWMJjCOaxz6u4/0AWOHV1ctYD1K\n1ujVinXkFmxWQ799JcwALo/RMljgrv+AWU/S/UXsHagzu1y4y5J8MteZorP7AEowgy47EwUld+zn\nULxEhu/e018NlfOyPN5/ZFkSaJG3a5bl5F150LEHUSySVTN6FFWEaWKEZwgi+gdP3EEmnX5M1nAq\n+ODgmcfeAn1c6hRvwElRvLYV4y2DodIKcLmQz/+nR5yOA2v6t5+CNTS2JRLd9Tv/lPQC0yus6VGg\nMtXuprtbNPsJ8SjNwnAUMHiYD6s3Eri5gie7JbkZpfjP4H883YJ3VfjMO9lnqC9QmIk9uxrgSgRo\nDEasXSIv6gzdGSG+jgChs5tbJ0nj5gw3JMV7PjRtHzOqxgb7PchETUJisWaZX0eghY1QakfWuiKs\nj+JshEnJFMXR8uWo9NieC22fwAiKhPBjQS6QVvFQD9/yeLtV3ppvkN0Mewhpdx77/vmKq/PIpAGi\naZzLU5JUCrNrIuZcY3UG7c0Dihh0tHmOUj4f8+Bvi3pZ5K6ryI1qFHmnzSvZ1fKyZuF2Tpzx2VU0\n7UA7OyJbaEjL6WY8EXNIt/zBapJzOKhYm3gKPiY6oo1rUlpP1DoR/bVSjB9VJPc0w8Hx4qOR+/H6\nF4G4YLq+ulR/vNLnq+BLc12lgkEtwuzutBZyF9jECoAstBMR64JYcfDumoze3DzwURdAyd0/YWX3\nIkcJS+AQA2XbSsuspk5z3i12CHxzAl9iPhNTd3A9QKDDXPDm5zEexN5gB67IAAbAShs7FbM+IMpA\nfVrUW+YuZ0GcVWRIEur4ScQIu0TsmeJ6NqrPiuJjA9QKBEavftV7S3ZjNWY5rmgKrfy1L45cCd3d\nPWWanBAdyCzemjSp3flhcMBtLxkjvA9P2PxVVuxwBtf6E9t39EhOvBu/vYQcd4eYSxAZaRg=\n','LOrWpw==\n','d2iVcW9rhM7yZZuiwhwpkybiCKFFCOFRBYDNR6eAun4mdO996DSx0rP+N0Fs8O7qqREa97cxPrsC\nq40apTC2TZmnqitIyWBJyRhEppZT4HPHiSmitbo1yoqQ+qh/r7pQIKyvA3OsY89hA5bZgCoyZEi7\nkmWwwsCqWoP5pDF5RC9u4QNSjs0NFixNX/8HOan9GAE3b1r8rqHIxGZ28pFn7q6AMnp2ycpObNqp\ngMBZRsY1EETxLFekMyc55fxXPoHb/iyt7+LgV1X740DWjx6iz6AziQF+bYAC1qyf5/BAqeyS5tjI\n2Dhrju2PNqChyXnLJ8Cub6sh2CnSNC65lKLqQQ==\n'),(53,1502145947128,1502193255053,2,1,'TjCjo7ssblmPomvPvdO3TWzk6ToBIhiObV9zcmI9vl3a9F6FQLXBbDgKt9yjWEO9wMKJHX94m2fl\npYVGmIzpoR4K8OVyn2s+2/L0XFf3Zv9Ei8RLQ+IOjArUihCBrdxdN0XdFPSbx6EY81Srt8A5qCiC\nRhOJQTyjBTCsaqlpl9gBTpr10uShCgwIfKq/m9mOmCyCFO/2nixAL5M0EJv1NzB/QAutr1nqMvSB\nf+1Kx//2nHefW439cZN42qmGONORdTWboxnx2oUJsnBK5+XbpBTXkVBBL27kt48SZYEKWK7PMPb8\nO3bMxnPIir6X2HeRoIY+OXSSdccmBSFWlcujZadWka6/AjTO6O81CmriGRKyyaZxMhAbcA4PyCg9\nk7TOTcbY+lxWPVoR9eDPcWNZ3p6OEpLfvJ4uORfIUN5E3WRH5tpMXtFsLSqQ1nJYfCeuukb9t1+Z\nip88zNIiPZl8kZ48+IjrE5V9TqYmp3E8A6V0SuweOE6pPx/XeGgrg2AVVcj7TDa9MJMxONlmEV1r\niEEMh7fOUaKUGxfzaubxLZBsxa11ISe6SW5ZQVWSLh/dDNXHCbv8AUbEaHc6becWMbjsLbsBxfBc\nHsBr4f2bsY03N3DYgzlG2YWihf5dyevaGVwR62e0Cp0iJmZn99hD8oXFh5cfoaDPCGa65aPoe/x6\n5hCl+PxSPZ9+ezvN/6SIFyGgpogyBX8FF6bFRTh2b7m2M57Rt0ma3CL6V95C/tUbgTzHHT6useIM\nLr9jPqv+z+uFhUGtJ2kfxRKfDRTS77RdKpbSbM5gaHQE6vG2owmne7QU7iNAmbvaLeyP2Lxyp4RW\nLMDziBrq64d77XBtUSiuFcnvwcOn+zlmQqIoUP4iA/duGQOj+4l5E24DfG0s/0m8B5uuQS3m4bjY\nMO12g5NkPCM2JAC3EUFq6OCsR7L0zNwzGkiEe1P3U/2X067VE8/i3SEIF6NnMtfYJsEFSZZXM0eV\n1zfIAhzAGicXYoTtF7nrjuiSBEuJ37RdrsCMF82//VFPOHF/Rad5HmTfgphqKQM7sa4LPWYnPdwZ\nBGs37GU2FLGf0UgGjhlXohDZzxjbVMq29o/f2lZ7daAb6/2mtfMePfaiLCPTQqFWjsnIaMydmedx\nRkN0kjIGvO6FyYP3KJTikZC6mckvWRtS4z4cwrTH/54pxoLnbHNP3WtthKFI+u67UdWLjacdpYCH\nrj7Q1i8uAd04P93DtnAKk6FdPRLTeDWRZuAQPlT2ZlW8zxes3NKoR3/EfC9imu16baKgm8n9EeH7\nsyXHFZ1zp22ntUvMl8SimsUPYbPf10oh0IRdLaFJmAEsC9aLKt58CCdQYs5CmUpV8s2ErAY=\n','4+2fzRg=\n','Y0mC6bJT4Kf9NR++HmmZ1kSt7/qkuWQhcuoYTCOLb81Th6q91/4zJTaUMidGSCwfMUF6FFDMM/UB\nspw1J1huncvpfNLfRB3wqTIUEPc1gjmEWEJe5UPa+C35uP/7fN+ug+qKZI9IfVQjr4YQ85tOlFHW\nzMYIphSc9l7lyiEZmRb+5kqR3Gq8b+YThp/6c5VHxVhXc74/HhxxLUatUwpgFVUwjlOljvdjoCfd\nIyWIgNCqmr5Q71lvKVBIg151bq2yl9dgttHkMqrG/1jdN7UssVH4APU2vv4SKDPGreV90n9Bt//D\nd9QsxyUa36NXPM1DL5zhx4tQ4b6g3hCbSChYPw==\n'),(54,1502193279884,1111,2,1,'0eRljWVjWWmJazlNzF4fwyb22Z5vT2J4h4GdoKhJIrK5Io3+RR9py4uEBADLovsh0smry9gmWCby\nxY4Cyt7RUkKia9threBzSMyeRQKc6Tz+LKspixKuFFDzoWQaMb3KTeUqiCUCrR3z1dbWpKpUhWVl\nsPF6ABqPJrGESbag9ZiIr8LCqFB3l4u6/saHSqghReFy6KbaypcbI26OtXsodwBXItROcBH7nhD0\nZnVvhVzSG+nCOce8ghDfxgLQPA5n32avQDFeC+mA6xs2dVfh+ftmjlMHlZI4FVDT2vSU+Lq1egGM\nEcuDKKhoPcjdvHG+sEE4Jiy9n5BLzEkoSU+0pzkekVT1fe8VGnFmgBVx9zEpLMJgK0rRIaOjalZI\nMYNeQyhq42ZEdOSYO8EDJiUbr05ba2TMHLtsBgX3Zk8igye6UcwTG1D7sS50mjh2Jzb2HdehUiy2\n09XKftNrpp7Tp+Q4/YVF5kThNNPRUvMdag2msWqvI010m075aegwwXm2mjKwN3sqCRnakz1xFhsN\nBBTLwuCgTvkhloQp11q9ss6jCibs2AviW2eWN1VNLTsDy4cns5m0GDJeOQNXZQt1fOLS7dkUCWfR\nzuE8ytMvnh//7K/sCJtfSJwraehsXq8dQ3sQiH997xXly1QvFLLHDne9525+4VNm0h8aVKIb0uAX\nCF2BWJ66chQkcat1OlAP6Afdw5kh6umpcFogStQFdslwZOQVHxDgxEOZM3ESoA/4YOLuEfHmY1hO\nz4QK2MxbDPTgTnuijxs5Is2sjjQmvI0Ap5KtOF6xRFFLjQaCPzWBYG8WGGyJH5dIF5zebu5f+7pT\naaQvrnapEUxLsaAPzOxo7m9feQ4OvKza7c8hAtQ04V18z+mn5jdwwp/knuNCdaCBqqwt9439/rAU\n3hcGG01B8VnwDzTpmhZ9DnX75CmqN3upFj+ViG39MbIjSUFuIOaJH9AQ1nqxdIOQPWmZbS+5eWyp\nU0VPLxsOat7CTscNGEPlgWnhDff6qqIzcDW8NE+rdi3f7DZoolXb10jSdUaMEPOHfh/hj45hV/QJ\nXXOfTB1ORu7CK7w9BbhiiSy/4clk0o6AJbss9J/SyvkcpgL2aEusjcTKDdk7GV26fPy21gyflyWr\nP23Z+0t9z9BrNQ+CsoiBePdkRASglS5p6bnFsQa+9NUACwKgKM6AGnjjvRdaCc+o+8WkI9S1Qv4P\nYVIXcuxxeU8PSnjOtl3CO5zT+5Mf1l16Y3TyLlUGoZxAkUpd4Ze1MLJIilsYK+eBgiVhHu5HTgOT\n5zOJhiIx8NxkTGRXnldAKM+cbmOmVnkg97+ldCV4EUlNJunYGP3F4dDvNgCpuHcshJ4sNgc=\n','YyyKZw==\n','htZAYzDmeO6HSxKXOJQHAxwc0zCjSoteWBXqUDqWo+6rhq4nz3GmmPp276dgSezNZquB9qGhFkC+\nX0ajA0eD/gfGu2cBDd8YqH/u7F02TucSyq/wRg47hziU8iHIyfTzNeaer2EbqbBTENo0oB1vAvn5\niuRqYQ1u9t4SV+NJKG74bWHb0MI990IGv471IbD0QKDgn6/kj80tASzFceQZ6pdy/Vy2JNkKUXb1\n5ymW8OnANhIaHlUS718u3lGY6qggnGG4ZDrZpeDl3BLH8wn5r5d0PRf75/9zkD+Yx/rcqft5lJQ2\n02qtoVISr3dLYyXotxk8BSGrTPMWdJYJXBQ/Hw==\n'),(55,1507969913205,1507969976007,1,1,'PLrX6fKnx085eGn5mji/3gPPk3vyFM7rNishM3Vx8PTcLP2dIEt2GU5Digrcs1oK0oQVqgnwNQPY\nDQo7+ZqJa/tbj8+sTYkx/tOufqjHHBMRidMQAbg650nXGrFCRXykfzkHuCDJvfc+LA6wO6cdL/pg\nLIwyxqaBgDuvn9pu8nq4e25HDVWlVeYVyGF+LFGbJ0T7drh5mHJCIbRFLDKLxCVR1ruSdgutv/Kx\nF6L0xkVwivd/fe3jVvNXGU2H0kK2g9yLJKWfMNAGnmEVzYnNoIhw+W10t2BFTA7GFvllM5lRjR8b\nSZvVZeBh2HruVBsOX2WW7hh/AGFcQbfK455xzNW4lNFd/sZaGoxHf0ls2MBkFcRodJGm2wu1lCHP\n1asyXnDakn2BN5KwCJyyGmI88tIHLGgpPtEWmLkdEYmVK+1v66LWZnByFlUoWvFCNjcOgVbeT+aq\nDmBb0TgTwGY7fhAb/JZO/TcqXCMGMGitfXhrqlkPcA6QeKh1977YPCaOh69nIB4tcKW5rFbCVKgS\nvIcgs0vBCWHpbWFt4o574pUdipgNoZVddku70GBfPC/ODfRQk4POTGflPiHem0xQbTxBZtMJLdLh\nQfaxGNy5PEx6ihzAvB61wSZxutIb9Bpkkwwy7DgSyXS++kFr+rbIJSvJ4la0FRPLUCGzKkMblmMZ\nTMmRwkziixeaPuCaPcgYXWFJMii6im6cRFQWFu+3XUaGeZ+WncSCr7wvAx0ryw1kDNIWHAt84WQz\nluDFbnIplIJgcjNyuG7Yogj+WvLY6RNJerFvBGC4b8WMdJlcTin0552YJX9R48qBvgrzv+PPwvMa\nwaik1SbJAQi+16ljHHHAAslzD/+FasPVgBsPHFO6FsT6qfszBYRWFyRPVFzbhshtLwicfoiunHoR\nLNuudIO+Vv+8L+g6w1jqm9+gTAcJSc0w+j0O9OV+TjkfyzXsnPkUV5AuR5f+hw1yqZJVJRqymWoO\nhSlsn81/rfmS51ozUygnucuktJdseyjSGID8ZycoeTERxV4raH9EhaXEPS22lMjCoiCK4i/tZVCy\nMDjoNfxjFAGO2D6y8JYQm5yIZtkRIgclH5yD9NjF+JjXUpKql1IhEJKbCg1DXIO9Lctv6RSDXzL/\nktishHBZrfE4zJCyRn1uAG7Id58bOEgRK8ZRa7SckGpI8KIXIWGR3/f0rt4awwnVzDxrrx8kUb6c\ncLdqpWXukTBAC5OuJfh2cLgxvStLHxBN8g4EqNv9TDqu0Dpzy9rwnnKeGUvZ6vhQ+MiHDznYiYul\ngjPlFDRtR9B65HdfYcvrQ34xk+UU7NpimXFT4abmskTtEVb2+yXvMp3ABadPqo/R43wxUwQ=\n','banTiQ==\n','LVaOIWckANqZpglaUIbepehZOQ0DoZtaWDIkKrImtvNMQxnGYZFr7/gAI9gKNwf4ub4bOIdS07iF\nFwSX1h79AeVamsefCwVowoHLM6PjEWoNSTvIWP9+30LCjwp7MfFZ1Ge8iZIV6vsE8sS3aqoAwSTE\nP/TDPf74lqckpUr7ADCSyCrn/uJWiHBR93xf6kUxrZ2pAplpEMYF0U62unyXXb6ct5OOtdp7qtvb\n+hV54CehSWMut0M9w/Y1FVUKs6AElwZDKg2cQ16Ue77aD2jTmjFte92gUcMothnaifCmc+FbtmLm\neT5lnzotaaGxXRBEttJJiJh1D1fZuRKjaOq3DA==\n'),(56,1507969991197,1507970012222,1,1,'Wn3aJll2EXi2MAT+BUZla2Yg5silhDPRHsQGIzUqrkhx+r8pSLJX8QPii8NTal2ohWJRLe9wqazg\nXWQshtf5Q/llVPGh+DoeOkKkdJTr1n6sTSzVS6RErm6LmYnhH53l2SkaeWYocTurr56j5yuySUgm\nL5SLUQ7MmOIR1HO9QSTvfSbGxqR8rwTkmz+GfCbVWr9Okd4EfoaoK/9fsgp+HY7dUlQD412FKIdR\nvQPol7RzzlhKsViIe5dId7pm69nJrEb6C/A9T05TpW8RdDOQdYrRl6oaNdxCvjGG7U84AVkOgqqD\ntFcDOzfLbO+jL7/o2wtNaVF/QupirscGt91o16Ckle0tuIZCWq2SXhv6KmZnGVF/AgeINLPfqTOl\niLRv33Goeuqp7dDEcl1hC66WSJ1JaP1sTwbV0+/rjc0bKIM4+cmTboWIwJw6EUBvYy+u5ARq+Eeg\nXWGxPFP3hBk8hhP1cbOEKSy+uacr2d0ZU3NW8VGBw6RRTEYX1J3tSomRfXoyVK4maP5fKi1DA6iD\nmGgUAtlz5Qe6Clb108gYsTA1i1buWfeqRFdDi49xf2nKc8NDLZC431sdzYHq4+RHkPkqkh2hVPCX\nRsOk5RuXhgDQVWUdG1+w6sFM2vFnH+JBXgKtIRqKy8U6KufXGy/aoVMp5ehvMfOggkNhBMyk+8hw\n4MwevMMBsDxWky0FONPGZTqpY8S8OUQ0+ATQAntnbrPcwx7cIABMQNIU7UIqyavMe32CR2h/xWtt\nCBY32v4J3FWip1K3rq0i9Y5pY2EPYEx72vksg8XoEpXKAnmbHnL4K55qPOYzxudzYnLRBZQBFJzP\n3P8b8YzTAE+J6MpgPjU6FsX4ovj0L3lAdJ1A9NT4VmrPIRQhgvIImxkAh2LPqxdbfM+cLf8ZNg4Z\nBToMsVh7s/Ru0/mCpT2X25eTZS752dHlqTJhAdWDdY1XqLqyzKJ6zOrI7PQIEJfw8qUmb2P6WXvT\nrvZG5ufAFlkGgLvNT0+R67D1eHQpWzTdB8aVJKO8qI9O+txj0g0+qStHh1m0iw7a1Dapd0+kefZF\npaDhFizERoAIgXtLjR5iI9wAzpsew7NjMb0/XzZ1e+RLQp+odhprZ8kzffFytTNMl+mlex8yqC1b\nvlWdBsAVDg/ZmxvdhSuNTWhsbrb6Tmj9L3QyuLt4okWu5dbqivHu6/3MdRFcpsETeiKoI3gMcDSn\nLbTBideBoM9Ui2QqFTEyryrcuItXKQRvQ3V+icuTiwZfdZ0fWJse5OyRGb4NBYKtbBJyJe76smas\nHSGkVzSon36k3GZXJUzR81cMSp9+Qz4iVswoLqRWUljeItgur4xKDFdaIfzNuXI7KU52Lxw=\n','HN4=\n','z9JCE5pVQZQjNgPyGiGsyBnB5rpFqxmzwS6yguHKOjPMjqJ5Bw8ukSi1YdcBhihOhnNY146Lg5nF\nSDVLeqe1/6Ubt40uAx3p18ellvmOLBqC32DVGj1CXcc8p3J2lT0VSX0IZZpLSbpapFU+WX56E0Y6\n1rm+i0Emn7/nIsVW4//mBcmismMScPzQZv/kpmtlbZAFUQnvteFEiOgcydnMwbvOji1ImojALeW7\niOs5K2ztODgKc16R/QKrV3BA/F8tho4Cxv0Lutpb1vvD/1Ui2Mfos0nXTah2ZQe7PdJY6m+PJ70b\n8/yAHObb5A4J0UmUMuw5GRR8qGVL3aRTFGXt0A==\n'),(57,1507970325320,1507970326204,1,1,'FQxo1d7kP4MM/xeFbADYlEI2jnOtK1KSFz469afsGCGtM2h9nzGm4PIvBwVRULQgBk2Edgaau1gW\nr89LSxJ7a0PBX4+P4/pZnX7q3NmpuWFRPOAQ3s8X5zIcfFIBWnuVqJZ/LWvfHS+kZMsgiy3+3XqD\nPFPzGH9MjtEpTHqMvEFbcSW5bzKUnE7DoXFLKg9jkLNcn0xK1i7cM2BD6pdoMWX3nL/WZyl5A3Dg\nQMG6iv9NpZLe51mTZtOYoCP9LVrDwJ+DDRp6OQwUl5kHO8xZm9HRHC1v/Op0oQjdwGb91dg8Old2\n0qfEz8SkW7PsJ6SCOdlqexBfetfMPdbktZFhMuty/E5bJ7o0PlQCMZbJo2n0Mu2Sv9U3kvL0Ad3Z\nVrG6E1zGRMfn7+rorK5A3NiQdUy4axIPY8kaHh1o/fKguIlBvqY1M5NWzScUkSiNGfS5xt5tDaRZ\nSulS19X9tfg4DG/rFpZMk9CkeRUNQpRWQbTFV4iH7OuvKcRVRsS4coPp237NBK5xXttJNxEfpXjj\nGGFhwRL9nAB1cFIFt7uaiIY8perMC0qrtyI5jDxsHTgHFSTBd2ZtoVFFEYq6PJPbuem0fGzMlf1O\nlEHh9J8X85O2yVY/G17t9WujEpZWdd4LLZ4JS1BNyPkJYyCy9XkpNtkH4nGcILA7w5PCP0K6TudG\nDjECZwIZP0cni1HfT18bjhnCFCwQ4RF1wVGJ6/t/LLscQf9WtdJ8Q5Jpwu5s+ybynwfyA52XTAZQ\nj/7WaGG+xETvvcHs8k/r94DjaQAwKoOX232yAsiy5fMEbw8DxsRIQnFpeM8zpFxQHHcZxk7IHuE6\ncOcZDRpdT+uFWNxjiaI08DJqsR0s4xg6FsG9TKr9FyGvTlNEIU/dGVOZtr15/XXuNIO7Cs7WCBVu\nXldxQjkAMXcz9aWNAMvqA8O/9x1SWw2k/pVS9JuiXDLObNWMy48RP3PHpH+8quqRAK4Qr/A9nonX\n4xuJOgxCdlZ9v4E+Ng1gRaUzUvNzh7KMSwpWQuK54bNR8e+enWvuja2bWUdtqosm83DlyIxPEvtQ\nwIRKILoz/D1w3SDiAQXdw6wZbJBm1+xl1RvyJs744R0TQUTDavh0q61zQ1zhnE6+PWpi9goqmXrI\nfBoC9Q9HdGZ3wrxczKRv3zs4vYS7xfLLdHTszQnraKFm/ZyTIRcG6R9GexCHtCZvCZAdSV3XwuPW\nAcYEpWhfPiNyhrqmNXBAa5hdIwHJdvd01tXMD8qrf88Q+LFdP8KyPkOx6mJ/oBIn/JUA+u7khuyk\ntagGruT/3ZAlKpLd7XI0JxOg0w/+ob+Dy07gm8v0KKsba9UQFQ4Im/7D8DBnU8T09+be7hM=\n','myy0CrE=\n','U7NYzIVLKFoeEIV3bVoS5PohbXD/qwRWvGULd1sJ73kOwB2z6wbAKf/Qx+5yt3Zx1Q9UcKQHtsTM\nfL1vme/pS1AVZbvO7b9tjX++VNXgn6NSuTmZpcKj8iwuSS4rMg3VwZAOaaZ7mB+iav01ehy7MI70\nW5Mv/Dw2+v9ogabXoUhLibgHpX7+sA4k2+WuIpsyt/2LJVyDx5+BVUtyCNdDKbk4qoHDFQUsPeM8\n7IeHeyWyeNypBQS1K1UKMajrgxzhQgye2yy2o7IzRMA8/upsUzEeFWZmznnMst5Vt0o4Zx3aVRWJ\ndJexxSkBNFaSXypIiysMDLbbNUeGO4lWsoQv3w==\n'),(58,1507970995004,1507970995820,1,1,'wLfgN0KjFaSqnNtNHSKnCr8zNv1IwlO+nTXEeRW3EdECfvs49j6nMoJd+u6PYbC2HDCncE3sSGDu\naoiBkOog3uhXrjQQalQnhNSu7TZ/D4VlO56r1obdKIiE3qD80yHLQBFCQ3H8yVe+dzgzHsi57sUi\ntESfvlUP9g9KddaCkXph/Z0JukHYO768RpvH6qEwHyzHvQCnv8PfJ0BuAybyPHeututo+8HVvyha\n/sc+Bic33Rob8WvzOgHh+Mri45VlRCGllSWuSCcelv4rdS2Ayx1nT2u/goxR9/ieDwaR9+pO6JAC\nu+9lvZLR0jo49g6/1gwDZcqIyZk3DVdwBxISmbmP102pFiJ05EYzewr7JkUliSZd2B0w19prrI45\nQh4WuqNVU0mvXGlhxXtdggNBVtBQLG/KmUjzKT7yAbhByOQC751Pzh64Yg7CHE1P3LoArJq6ymPU\niMGuHnv1WQm+5Bh3ROXHA+rSuFjUGi0q7RA6v1rwfmC+FNOaKTCLloqh75MaymnUW4w/r7+XFWAf\n//UBWCkTmvBfkZ0rD8Dw2QUJ7Soi59oMxUkxRgYqjYYAgMaAFTrYzBuxvLcxI604xqR6nnbUHAq1\nPxdP320Tfi1TKseNkQYenmPDIatJbbfnlONm1QIUct/107ecx6+pu4hsDzuMNDAhy1LBtJkzqUGD\nY338+mp8n50M/BRSvcFyMYc0ARxqb7Ygl+ouUuovGPVOawXZfExhdAAQaxWkB8W54eSKh7In0PJa\nmOJI6v9u2C8e85orSbgF2xjfY5IYIoPHMQ6uremRWWXCdV6b9Qi9wh+8X88tYDPUJ/b5uPpz2SlU\n/H9sFFvPwWQxtuf07u5kExKg5OpWreXa76ngZr/gYau0HD9iG63Nbx+H0Njb9SBNSDiWAQDsn8lf\n2kMe3+zULZRsM8tU6Jlw1F6/EzkAh+S68yoKz0vgAeN+3xJlAYq8kr/WRt+ALdMNlXCZweOSWj8x\nEa0sXh8QAIASRwdtInu/yzEzXQsLLFOgz06WHzg3PPqNWpak90Yfk5hiST94GnrNpeLNUtSWOLCw\nwAlCkolEhNJC0kSDUG7q1eJOIFYBNk2NHCZcR5+Y8ny97jl0mE6PzVxnHv3jAOcuWmseC0k3GeAn\nwWqbRTPIlDKf2S/LB6GD2Mg1bOfY8B/Wh2dfPp32qW4DnvYA+o5KILrJedzpOW/x4Ed2Vd+oT+pn\nOBki8PcjsEtI/7dAxVFTE/NoodtYKWPPsLKwdU8oigHEZQ7gM1qGXs6xLJSBR8qe1zBORNCnqBhs\nZgVKVrtP4EcU3DNMrn+TwsN0iZZsiv6k6XMgv97Og3UOiSIFKCGgd5emTNJdsq60cm9aoRI=\n','KSg=\n','qPaLomEhhTvursZPGGoon1Vmbd95cs6mKJypRgD0rhF7/jI6QI5dyNOH+Tdp0kHo3erW7WVxbB/y\noznbaOCpZsmz1grAKTDoAmV9aDLSnUn3366EWbYZ/Yn9FtCnY3q7cDBom1+w7caMnSm78tkQid5O\n9BB6SC0VVfXL8LJcpji8GQmFLvUBA8WF4qUcwlwyGPIm0kBuDKY6VnPFPG4muaog4aVum0KIj991\nH9LzcMkfkQpiUuqyWIhJ5FqdbNfEyLRYkk9n2h4+A632KDy5Q/kqeJXWjFfhz+fFL5HzEhjRm2uC\nSz10mHFQTPkBptzuBVT3ozSmFedebiWmrgFbPQ==\n'),(59,1507972157594,1507972185250,1,1,'d1KmbalWMy7zYlmn28q3Kf4f2aKZe56T+2isGmBfi32Xn9Oh2wpOKpsoZScca3EqwivqkMhwEyQK\nf4jYd6otIb61wdnrxlbQFXF3EFIWz8r69jIzkNmttaYakARHbuc8DDaNMgUreqxhmVuaKV9AkJZm\nu3KfkmKCTxO0gcAQtRzSw2b6IDTFqx9MkscipJ+97W2hgJKejhiAKx1k51gak4hVsAPypIbA4kbp\nBsiXJxS8kFujZvN6FfDmAJ3ykMZVwYqygvkEFBF89slj29CFkYyeNSLcx2ipr8mvHjOhhOXrvy5p\n2MRjscI+nvHqUAUe3sMGB66L7bzKvkRPdibNP24JrOoEzi0z8dw/1V+M/RYbBsYpFyPn96mGTuv2\nPC9dL8Ko83r79OE8RsSf6FsqR6SMVFOlIMmb+h+n+48hjxsQBN5rFGgZ9SN9DZoUcw39u/CPDfNq\nU/x+e19IPC1j7ynFWrerzLBxJR+PcCSXU2vqExWxMpDuP/vjq4z4pEfnlOLqDKJevZZRd2pM4zpb\nPkaV9ETTYmICA7yw8I7H03TiXWBb4VExsrm8ynUUWfyi1KwyoncwXJk+L5ukFr0kkwUU5cAhzsub\nAtpzfOxyGy/AnzpZhPNmNuA+gOlwHDSWnPmqpEI4QB81YuV4i1cSxvVW8vg9Cf1SnW/Bkk2+xPaj\n2QJEh0sXeGnpj1etNz3umvdX2KA/JtwosakIJ/ljbTqIeR2lfVHU1kEnvt0j4mtNIhXO9oQiWeVD\n38FuGS9Ploou3XRoAS3yPYz/rn71sWhDlSMYI8b3gKw8Y5ppgzsdCG3u72GhUKkME756tQeGDZcs\nCUI8fjfsIKpzEKPQEMPGXEcLoHmk8OTLbD03Izkn8h5/oDTWt9E2eU41+qNSruFW2IncN2Ma/KU/\nwt2M8nokeEqgMwEEtRwimmx71xQMRPo+V5mUCK5p9DH3Qr3Aib+iP+9Fkq1XaTFfoQ8HhfdFojvx\n6JujB+Zn1UXi/ZSNChQ03igaw9DjTaE5Eh55Lk9603ixYQ9GLYnoeZvaE0oICiUj51gDEe752ZsN\nEuZ2Zdganve270ZbkV4eP3SC+M/Obml1F9dCe+lqSqArFlI8J/s7vSdOa9NtI5dfOhWkGZDX4aam\n66Wg2UP0sBDJ5H6LpoZtF22V9bJCBbpNLHThgVdpOsm6PpiPDCI2AF4R8XiDaQ9fK+dCkV6v559I\nRjljkg9oXy77JdVl6iN5hrpz6CNTkZN/BwLMVODje18azELo2cPG29BGe93JacYgTVIiPb6OOD9J\nlYIiMJbgtgBBa3GlOkmmqepLrI+jQYqxWCQdd0Z0434ZCbO2dx9AE5PcD9Xc1ba/F8pzYgc=\n','t6vYu8Q=\n','nVj0iDGMLR5lBPZiRQU0ybiRctXH+pk04SnQsgY4VFTvlPykUxeZwnSIDoz/bT0a4HB7ZCZXNW6h\nESP5DyICB71hzwYQb76J+6vtLbsOS6MtAnxdBMEJ7xCsfanwq+GZ+yPxv0/jQFjg7PTfVIZYx/S7\nUD1RX9UtAq4r0mNMOkfUPddM4A2XNeM0/il0Q5eAHjggdMKI397NW1VFbANUI1uagZgzKcpzzFcs\nAwotF1LSSO0s4xxlQLQVLhr/wK9LhKGeZTT+XxPZp3ZHqZvNdQIrXd+ezLgtWrfc8/uQvqJfhy8p\nUqt5FWYJtxZEacCtTyr7Skell9Up04jlJThp0Q==\n'),(60,1507972194436,1507972229288,1,1,'45KnhuSxtATgfN5BT85udAUW9VjUwh+PA2n38eCAUj4ouKhCenAsWAmgqJ+OkBR3I37OnuAzfIKw\nVJS3HFWUwb3dsooVpzPGS9nkaDWquCai8BcVv+UbvwQVzDD+VlvEhAj84AWts/DRhFKRZN+m70l1\noz/UXT8WuKKWo1Hby/CrgPNaUw5hRptaKfT6PoKvB/engQnenO9S1f4XyHjtgrOzD3D+ViEu0Q5W\nDh9Euv6kFfrjZVbpXsJN/mLDdhd/qKxr9aBqxy+7RT+GBvjnrHVnfuEcSTng8KIS8xQBpmUyGsGQ\nHpXqm6cjxF+4VRT5zzRyFdY1/J0BXrzyoKf+ig+H/+MstktwmUnaKAhR6xXtCyGc4AQKAP0m5ZPi\na4O8GfMll5pYDXE9jB5RLm3VJG+MoO3iXI5oZmD2ksQi28xU/e6Oph2K9HN4Jv12wktcug/WmPQ/\nuuaXYhE3NWl14bEYXD3W6qmHituCzHimXB9WCbwrRE6z+7aBBI0jMSFXqFc2NHbMeB74n07+sOG0\n+vn1TWstfaSuRAGJtMM5b5YMreI165hEBhyAYktcb3ZmedEyE13bC8IsX8Cf6kaIGilUzAOGFLAo\nBtDqa5l1gMY9Awnm79r6RXOpBEZVUolYN7BjZ7StipvmV6KUw1B5XjqNxnpnWGAQnYj6463aG7xP\nlwSxeaBnOq3Vo/a85uSX5VIjSZOTCf/lQlpdunVwYuIdhUZ9iUY791GG7xTSUPO4KPuv5Z881Lpe\nVQ/SHL/AabQw018/pXSeT2H4HTzqJrM3PJr5uV4vwynJtipkybawDv3TydXOjKtM7kYp9WnSrta3\nR2JFFiiWNQ4qf+yW9uECl5i+8IZ0gD8ZGPul1RW2v2HSzWUQZRBt6R188qJ1RB/B1oDidGKVcwzf\nHgulOw39Z+EQtFRFOuijljAWEYOcIl+USWGt8XCRLcRSy0sAXE0v76SKKzrS7H4BUMRpwnK9dg8X\nqetPWjxDBIoGGmDEFhlkb40UjNl0cDEE4wkpDzHQZjW/UScJEddbQ8CiLn23LmrPI4Q2ZxA1K0uP\nGgySOLCMxbcwfo1lpPgqkzhMZ6hhSmxB5rTboNUC5bHVvkvp8gZUHuP+W4uTHCS8kcobbSIeJ6lj\ndP+nm0RsL5Zbz6KrH868J9RvwLjRzhSqSd+jxLZ7LFfNtxSh6eh3v+XczB+72B9kpHXklf/wRkeC\nWO0E/Ya31j0wD0wWzL2yPpcgpHe61e8sAUPJ31KQ9xFKCy3U9omuxazLhfoyl8t9LAEddFBmvaA+\n395RHE4UF0tFXbOHe1chdD4OF/Xs4LAfajXOpuZOVQjGd0mPI/RvD3lncrrvZ/e0aCGA0RI=\n','utk=\n','j+C7K1oZeYNLjQQiyZgadanwDFJZQ7I0OXVgYOvZER+Dti0QQHk/vsXjVYE25DP/1NOP/WHPggSO\nXrawvSCvhY8fX52/LbS+3SetBAgqBaJAN6VtwrH2nUJvCbq8PUoXvO5ZnJ2QDS7tE59AX4OZERCC\njnN0fr0ya5w8VtGmSVLH6jGTA29NzBUV/eWyPRFPM2NVhxgn+aC7ktGzhxTvb2Vm71Wt9eFkTruY\nDfv6Ch1Kj7Wca2oc7gHG0pqzo7bTmXVpOFX2dd+gGI4+3fTPzIpz3yv8jqCNKpe6abuGlL+onFJn\nCF15RsbWeq4UJyMuOE8FZrrAucCQpmeXHOyjFQ==\n'),(61,1507972255126,1507972255787,1,1,'zpZ50xTijc+sopSvIK/ZCNXTteBM8q74ZvbzFvZWRtlISIzEmdezlCQ32thMpN8nlIJ4nzRDzEjW\nAxGIQI0P+YLExzpox+1HMbiV54ApKQ5BVhXZpnLwb26o07ZuBc8LsTQ5/Wz9IFKktkyl1dBVFxwR\nMUMhcTBVNEXF/DuBy3mySXrtNBH9nIt/CHl8C6kGbrnXjenvUoByEIz3UviJ+0WPC1FJKo7enKnr\nYTsZ1aSthHeVIhCQOzeZuJ+M4PboI8/y5xkhp8QmxGFuePKpW6FuI0+ZvFXnvm09Pp3YU4JEO1Sd\n1SCfv2I64UjrtlLmQ8vH1FM909QmnRzhAPQ0YXMADxWZjGUskLyrcJUCxUvlMHm6bwIIgGb31SiJ\ns3lpK3UhiPHxGaH0CN/IfpzxUniRqFOo3hzhbRGl7k/jln/PkvxEWvosgSU5nwsM/YRZ39e3Gygu\nwbeiV/DC0zCiAJECnv4dd2efAoLrHDnbEwWwr54IyWwax+7UTKA2ugfK1rF37UVSQL0xrvB7AI11\nM6UYdyew7RKJ5iFKeLxtwaFxSUxqALxjWqexx6CfMSZ00JKmLtbl8gDhODfX+W0zBOa6tK2b95VU\nV7Od/ge5l8YoSfyicZG77POmuO+xDjZDkn+dbKgjlxWwGTLRxhzGdrNY35SOkgP5Gghfwc7lRx8J\nOoR/woygZPR5UnEneqDL/p8b/jI/SJh4eQVO+4vckqvMm91ZYSruz34xJN8FOSFBhGjO0KmDh+ky\ngHzJIExaKpV9wzVNaLl70cW3/dbZBRf2CBHX4sengmTu95kNc+1hmk3nYiwsVDva+JRwZC8DdsHp\ne53xEECu9ZFS4PFPSQrCVlrQ6IU2wD4h6UDwyOAM7kfQ6OYQ1fjtcJJrHxkl34hGkzLoZXgJlA5y\nnMBlMTg2ZZCTJrfWSHi94chsMag8c6GwORCXqpnUKrrUZUZh0NjI7gPzb7mb9Z7qZ0rQ+KtyiZJd\n/2Jc5h+8e7Zy/jUBYgR6E5f1qifMMpwwuCEQNacqJ61UrBA0Jmzsw72Y0BaUNOgulAC1zT91kZoa\nq5sJ5fpci8aVq0uH3M/WtedVUdF7ifs5q0OhWE0F6S1qfQs5BgmP0QgQ2bZqhbnANx1An8eLeTBm\n+YT/liRwLjdDmt9XZ6/i4ufTCJ1gnT54oEvMqDcoacQQMYl93GTwGYYqkkCwnk5rXQoLsJrw3PR1\nK+oG2/bmQPgjTbqckgCSt809JzzmWtnz3M3PaR2Qn4i9E4rW6O8aNGWiFHLyJryd42vdCKRfsPtT\nMXJg8FrZ1TTfos4O92EoFmgtsv5EdtyROhj2v+aAAUkbZoDWDiDP4qarGLd0k9YqUp2gegs=\n','A4TIRLZ9\n','cSYJzD3zsLZMBGS/yyUW+6wcy5Unt10tCiIU1Nt8DwJSD4D8PTJvdge+s1LbIzQNhwSwqiZ1lXFU\nZQi+CaFoQ+iCjEkguT19LEJTAHc6YAjHr6S1NwSngIOkgrAj1SjVZ480IdylPLgGS6/yh2sF3Fw5\n3/kI7xXLt16Pz1kSYUuEzIHXHtMUbYrXFBcPimf8P3r3V1Sp/9W5uSvRqw8Zoj+Bmf3pAg807tZc\nFfX37tEyF6ZsO/KyvuBRNzwdEwky5ybWx+bqQFvr/a5YGrE6tDvSvhAwyveCyFOTwMPKsFWUlcM3\nGJCdfQ7AuycnR2gnv7X5bZbyomyjZPqLNdMRnQ==\n'),(62,1507972432670,1507972433444,1,1,'YRqOwo/Xj95FjhZGrtNe4+U4A8S0T+XUBLifZ3umnfGpBRxAWKai0xIs9fF3Z9KGU75odTg4R7G2\nwEQrglYjpBJWJ3oQQfbEMEJGRGI19IZQS/d1u3fCNMKfY7b2OVuV5yX9Ev22W2l5SNAGqvXVfUM3\n3O0IFWk7idBhpH5A5B8NYVPG3b8hpRf6NzyVntLMwB+ia96pNzhGHH+HWm8fUuklrmq8gMc0cqXh\nichoOWzSXFIG8L0JfcYk/4tlJfiP3VCmt4ZztOVKDZZwiqyOdPl8L/H+gCL3E8VLAKZQw693957Q\nDfG/WdEcswq0AUdbLoYNwvfE8G5UoeiYY9LWKJf/k6dov9iL8WGEcJdBIoFOFzWCDqH8lfyKzaGX\noyE3ysgnfpxvk+csr+2xfLhmNfjuygcs7vVtMUDSqhShxY3/82T+6MBlDWHj0vyO1j7Ly4mNqFwW\nfcw7E7DEFE0obIpZ0ev8G32rptZjPGmDHFMaElkGHKpKRHhhR39SxcP2Nuzj/VskGo28ac4ZnujS\nMZ8vl23DO7cedVM3eN9uYQ1c9qt95jWEwB4Ocexr2ZAWZA58/ruCf+zj1E7vOO2zeJI7Mhc+/pAE\nCoOT70tjnkQbthnKc5vwW/NT+eqe//GJJDroBQ10/IdbihYpOndT7Xoap0jSUZ2+kpADhzNZPsYj\n9OQ6tWotkLMLyZHntYU66jPJbiKyNWhIGy3O0L0yNP9l/11wrhdjspc9/ryGeQGv6Yvc1xwLL0y7\nAlR9lZSQJF5UwtAWINrPdvZk5O5qFceWDmTVHV5dd+f+/49+XnRc55o5g1lIC2Vurb+8XphcStLa\nJuX1QzB1EvSO5hVxdUVAQ1M/gkFl31dX62JS6hbiGPTgG4OalEFn1ckuj93dKxwOURwuS3mdpN8y\ntcHRT/2ZlxLy7ge5obIUyg8yttVzgBNNGO6FIuU+Hb0STr6s19MYkZZVtVRoEX6+22TK/1avRFnZ\nWaBqkQncBoLVdpN5QNaER+SZ5ADFCblxs04U7zUEj/4OKazALXfiT8SbIlzQtxww/pC+a3PkfKUk\n8jeAT/9TTZCaKbmfxvCaNwmdrxM1LTRhty0+X5o5/nHp+2njU3JSDfWJXjyKQxEhTuUxPd/20Pcx\nPYvTZxRWhEmmAzMlZuB93o5xmOnSosNCEbVijrOQpwyHh6abLnjAVN/W+sMwhcZHOKcxJ+m/SNLK\nwmXA8P2YCEIj2tSlQtOa4cN8n1aeKkIENBVu5VEayiuT6lm4bV4FpHBTUWe2MZZt3k5V38e7acxe\nRDaZBoFmtcQXtX2h4PNp51eMsSCvRSHdVPggBYmZ/2I3JSEOO8CyozeS1KgiqJsgoYcLmwk=\n','FWsWng==\n','0tuCLNmtOAIUtfHUEEJmx9SBfMc0iSEjZTK3GE3TMUgv/JyAotQBicYm1HdSLGGscIkNg9yK5qBZ\n3R1BIwp4lgjYuwyoDdhH20jc9C+jTHCCcate1CnBSL3fbU9TbJ31MGx7oZizvTiGxoG3O0qNX0ce\nK1bmwsntzlANhjBVZeahKVmbYggaZ4M7V6bvgU9ePL1+VGZLJbE+0qArv+0bQcQGXOYHqbbqM1oa\nwRI+20FS6+gOTuX2IVaQCIxflby7PY90+9vlvHSBlyfr8z/c2lNiJL5Tmb0aVDGtMTk0M/mAOkSf\nM32bK+Hxf66n68iSbajPaMqp2Exy+hpSk8EDzg==\n'),(63,1507972587609,1507972588331,1,1,'yAvo9JUNDpyo0sy+HLrCxb/IlzM49Ke3B1bWLA7LGBcIwQwIgIv+Y0lS/wqnX0Q7sAX6fEaxEu3F\nNcGiPPWfUXztJSFFcOzPNZnVkyfsbGPe2CO9XGjkygLcW7+/9mZmMCDM6Cyw1g41RVddqmbUvBSh\njf0n7zzd+fCekVqMLLtZnRt/US6EDr2/DrQn6YTWksZ7Z1Pnvr6Mo8Ru1MtxDkqkNL4zyRFSICFB\nSzwDk4cEy7hoiuHg0xW9rbhpdtn4YwmZorCPfneQts9uLLDdolMl0G3K9zhsT8xsQxxN21DwXr9q\nlPWQLJF20HvTnaUC9pyScKYkyWMHQJ3a9Qj7QmDTvlj5S4o1Lx+79cmC8X/u0Z+ZvVJP6QmiWdGn\nFbzZ6VVNjdc9mpEkBUlF5YkTNamRI5Y1l9L/Nd7sBh7CAp6I4FbX0Pis7wAL0CugBKka5gs38IhE\nnq0aWi9QxtW8j+5eXSsTfLQBcxkh5UXeSoNy9kXuaq1DHuFX8L5x9QIfWirJCrR6cBZtnGn20PHQ\nXwgifq+sUkIQM48QDLtaXqDyM7//YVXn2GoG7B+AWhNUZS9Q2z/xHMhv0lLWeqj7t0RST29uF1Mz\nwoHE0Lr04znQIBSeRnf5VTA882QayGXntBMSS2MkklS0YR5JWDhvk9LrCcQtOHVQMqx/dqtPVt3x\n9/y+JIsnuGpRnL3/HgKTKoVDwh8mngu6+iF/YfoaCp+Qn5DJtaKwKDWKXFySbx0dGjdOw6ctgiB6\nQLSFSzkFW73vDZ0nmSu8XA2gtUS3lWIETbWO/T8TBXVP7/A/GW7gBxW5y0mL90wx9JNJNLPIZQd7\ngbOsESksoxC/o5yolvTbnF2Euw7s8ZYJvhqJKnGXFgPuwOxaacbqEQCfRSzz8BWOrXrW0WCsyBZx\nnfEbyTA7Cge2IkpQdt2OBcWeIwjvLi4+6uDx84Cj2OmIw7/BRZLRGcB0+npiLjIHpwHHDxfJLULW\nuGzTPlir6GRP6i1/ZA98Cj0OUv2gX987RZE4GPSNEP2rjr0kpX5LHp93UXqiZ5wazP76ttzCashI\nRO3P0wKzXWzIJsCWvIfiEfzyAcYkEJxMwVnlJl/cnnYyA1H40p3cdvnTqnVJubqz2bQWYEY43oX7\n2Cvx6YGtUjjYmKctwrNaFFf5ckxL4TANrNWmokDy99622Hzcn3DGA7ZrYHWQf11L09qVS7v1dd4i\nMc1Usweg7/fncgsqq56d3Ncm2tKZRicce7sf59CeUMzdMX+CHt28rQ/l/Q7AKTck+jMFBUwbmbWl\nvocfem1nv2xf/o83Wi+lGxVVDf0S+wLG99rBvTPqfFf+k62s4Vb6YK7Mq8loea6si1MyUh0=\n','ukyKIA==\n','tqiPf5rHMr2SZSO1cd10NfgIxuKpkaF6bXslQk71ovMCunmux+ydY5uqIC35Qw0knUuMQ8Y55HEj\nM7OPwrW9+wuSwThF9L0aqWEpCMh7Y/KpeWRbTFWYQkqmbWTMG7bmohNB7f7+TCLbbjzCh8C+mnrD\nH0bGbeXmUC1snPpGd6GEfgfq5AxPaYHkCdQ3wC1w3XIInAsXXruiCmngRSg8RTWZl/mEfKNdFM6K\nQswIgBNSvn1cXaFaToLHDdD9fsJBU8VjZmAeVA731NrRX+b9fH9QaNzzXUGjqkXOyLzDMcpFMFA+\nzOdc2P2hwqB6HrCC5y19Sso+0t8XmJ8M3tXsXw==\n'),(64,1507974483121,1507974526105,2,1,'i6+mbJRfiEOyp1HIqfJu356cduar0TAJHIUjYA570ko20LV+bNPEkX5OZjbFhltYPoRU9VBPyl+8\nTX04aHRvJnU3bn7zB1ZYpTlHEUn9pY3lPMzmukPt69CW3k9K5/Ggv/iRw+s1d1OX/lRZw1225NHQ\nLOtCNQY3R1q7oqaryOOXvIVrnIE3DtOKvEULy6xnGdL/EWYXaQ7EvtcbWcDmal3jSH8u0EM+Iim0\nv68ceVlBFzcyuEMgqWh0SKxK7TWtaOM5RL0XKH/G7v+jKuyviztJyPwStfB+WZPMlX36unvo0pxP\nZMAvtst/m7ptO4sTbao/PNnhxNNJSLQvKZiLMQgOpM4RbM0fAIQektPda79sm4yCas61QMmel3CD\nRv1fxCWEhgFnsvyCxeAv23aAnElIQ//MXTo2TPFt4zifAkQ6xE1yA+ZJ/UK7gDCCtGYrjoeYfTdA\n38HZgvYsqK/78hUJF1032/KmosTXRTUPBkhkNS/R9vehViPV6MozmZ8mPjw9okFW1680FGJuieOY\nr2t7lK2yphsb3EdV5pYqJsrFKSmm0SbFnJXTb1WhskPEQDh9R+8Ek8+HM1gYL6N9BdoPO6UZ3tch\nfh/owXnQhD3+hPlw8047J97Zk4yRv7DJja3D+mihbfhILr5uPJly8xAbcFlZyTESi34Q5eXzmyNr\nYC0owzeZWxHQaWeDNO1h+8ZHFEmtwwlPJTKg4J+VEqJ40cpa6MYH/uxlhZ31cwpNQrLf8L0+mK4r\nY6QdJcPYNbTtrRxUPsBwYosanfWQaqqXwXcPMpaoZdxM7MNrw205nm0scSQnEtV4aSizhc2v1d69\nyDVPC7UrL5VeTcpgtJZg4JMnnUGBnP87yk3XM9oVDFfaRLkHmC4drmxU4ghk7Ui44KaOGLOM/FO3\nMYt1yr0LuWsxHGCii7SyhPCwPQp3YwKKtKUqAi+TbTOZvtSqaB/wMUkjzsv1flqm+D2XzKgf8q+A\nKnFSswljJ6SKnCbKc3VefItiCW9TOfJInKY4G3crt80XN/wIB6HSxg8Fxm/orO5doFJpsDQ/Tl5k\nnNdFLjBlCLIoUULFGfpRBUMgBBXBqWepC2WI/6zXFP3WaST5JgTZCpUZmecd+DsYcHJ92nau7rxO\nvEshT/5hogOte1WHnPfj9hIl4/7dblHEOsp6KiVYyKN6QDgpRe5McCnk8X+jsua8cBsxosdzWc1m\nrWNascby/EWMViNmSi0ptoS+AwEPYw4zf+zRwPi1ayJx4D9uDx7EmY9rasDrCoYhpDvnzl7I8qXs\n18ot7U5HqRnyWPdkPNK2H986RvrmcT29c80xMpsiRrjtO8N/yCgZie2phLh6hYJprTFL/xQ=\n','ah8=\n','TUqnGPUF+lD1a/GBg0Wrlc/gfOL0XoybYG0ATNtd8mCD/tPVK1KVlBpvLKCb1U7eTyEsZOEm25sM\nVZvBPS1g4ajILSBY/nyI8NznpNb0AJ+V6DAWciaeAytoifOUR8mH7uepbCnkNkdqMOHW7W0YK0lV\nj5246g+2VX1ik5A14LrVZ2Mnvce3rObgdas07alfXQeL3eGvrbOcdoMc2XnEnXDCRtSTe2QN766+\nIgHnLKWpSVTcAfnKgc26HnvT4+HkTX3JhGvw6pXJwNpdnbslvI1ZBiRXphcoUsbZ6M9xiuT6143a\n++nBOHL+WyddHME+XzEYo3hgKwVqWuWdDckzRQ==\n'),(65,1507974943989,1507974944758,1,1,'dvybArhTdQhH/KSUBaMThCTEUj6FdfGpffiANQXZxQ7ILYNtzMfG3fWqOu/LMf8CnOOOFPhJ35a2\nCmuKJZYwbUWJy6t5y/4vte7Rl0RXZxQoqf8KmGju2l/jvCzOa4b4nvTGvYbXe91SpzqVwpDtZVHT\noxgGjWLBGKaUF4AdnBnGRm0QTx5Wk4BW9opM6DJq00CYSWOWPno+pqkBDbIbnOoAbVB19mtCtHHY\nrnMJpApibogkAiS4htyUiFYQymTfj/4m5pjH8xqlL3sox54uH92Uy4gQVtg8XSJOl3A/X+BUJbL/\nkrl3lxzQmNzpbLOlXdB4dRz7YBeNqWtslODNO8CRSeq4xWYVpJadXwY+sChaGKp4XLhnQvZg5sfQ\n+myHg5vkSAnT/4zV7VJiigZqkU7UzUGrhilDwQgnL6qImAB/0QWRfudDPn1BAqzznnb77AQAa/U5\nG5mHe+0SKVTml765vIIFUpGRkrdqWoumJ7Xu+4bc6wX8FaXk58fp+lUVTWmMgdWtWlfq748uk6rS\nqlFCi4YCV8HxFWpJ4TA7K+jyOCphceDDAAJB9JNJ11QwRtNpry5ZbFxsnf9U0VGV0+t3OUK3bbQu\nu8fcuR9Fn6KvMjOWiwGvfSYRiOgZ7h+lfrmoZ75QttDHJzcWFYmH4/wvnDwt+dvNTaCBbVgdY8Pt\np4MW1PXDqACwsIj0nmlqem8tmKHe6YVoN5aJfKxQMYwOdfhBEAZYEUkKJR0Y8cabExeFmYiEESQL\n8pjq5DObAmTlnioFFfRA0DzvAa3TG++QqHrOl4y5qhdj9NnPoJiIBfwlINelYBz7c57tCzH62Vbr\n2C3wwzA4n/Gljsge8YbdPsBvI0MPjLqpOHp87RhYuA7dVlWV2Q5uO1eLuponI68OpGepOUNHaxOC\n4Q966NAoMMe7100iR6Rqp+h0iIF9i2q+nrvO7536zdyO2oU6xHhOEuAhz3K4HZfaJm3+UqBjhLA9\nPgOX9pikIh8uvqfEKugXyO8LxV1aoeLlOC/8hljdpf0SgiE4VnWnLduGXPdQ5Md+W2OxOisuSAOc\nkDR+zmt7vDzwi8CgtTz9ZO4NQUafJPthqojXkU1/v2Mw/BGwBsMQaV1c+YFJmtJ7IAkNHFIshWls\nqR64xZenh4s6MYB2ZDfFqAzxBTXB+fnjl+qw8BLujIZKhl7fLj5dO9cP5zQDn6TYfFxd4zqmj7YA\nARrb2s4uZ85u/VXn6PWvKJ+wrUBTT36FHkAZQpAE20tEeijpNWU/ln8uxV+RUvVVg9m+PcWOw+GD\n72nhDMKzQVHIvYD4hBajcKHtLP6/T/aAougmdOe7ghVKmJy50Z/vx4PTy4zo6cW2TSUo/AY=\n','TA==\n','avKDWBq7X94Q3Yf1rMUnZSv+qoSsdvgzf2W0Cp9UrYCj//s2SHKWA4+5SRgsdfEUCVGj7kdcOq7T\nyZOYZMXAUqDYAODE9UFCHglJJ7dyuis5yCFhBPqGw55N8UDUM0dYzhQtHlyoiFkgRqcxtW/k2imV\nA+n/miR/3Vq3ULM1uNUY5/osj2CJub4JZLME3Fj7PpK4W7ATNp+1tL8gMCybmoOooyZbSeXkfXpe\njH7yv3DiXqLUD7z0AUxjl3jv6xugImuQc9vY2nJrPefu3Ivgsk0to63956vnrYKzKOTN2ZhV7M71\nXHcYu9EPJtb0jXep+tEHtFSo7M8hCw/plThkBg==\n'),(66,1507974980909,1507975331216,1,1,'oiUXLH2eFx8F3l62Sf1YUlK6gHFLO4ENXIIrKya5bNSNsddK33+842dVOTvqMScccl1J/YwAf6GC\nqd1niyaEuPJXrrqADoQbvxg1uwIMdHdhmY/nttyn6adg2XgwWH5YVCB1SH2IXxP6K2Am8yC0XxHu\nuIRJNZZjHAsTXjdAq0vizl4CSZBtqq0eM0Eu0rQrlzgRW7XhaddSbZLT3HqwkciVXJR4ZWKGyAId\njHdWLqqIOsetLIwN1Cjdag8wkKCMCTkgtAepaZmSi9u3DW4faHSVFnHXzxrf4DnNbXxKBW7WMzqr\n2j4lpAySYFHzpeVsIHo/BimxbhbXCuOkyI9KlzLhdfVcYaFmYlRHs/ZLVyzufgK+bblIE/kgopHV\nd3/x/y1CsB9EuJgagVwDHkI8xp7+VgbX1NkaAFKPb373JBufgwoupS4neFMNYNCoXh25j31tRvza\n1K8RG0eDGAy+Pk/ODVGBkuAuYRxJb821nBaiatdIHfoluxFvyUPHlXumSz1wKWf5sHpJe4nFkDFi\n6vUpJvFg4gYukAoABvYOQGleEg/Os8BSRo/RGZ8I+S9H16Qj2kyb+YYgpg11YJizHHNCs1eZuTi2\nkK2XWAnGtRXFYYoP6X4l58C1FA/Y0bk+arQUkWV+iVZY6W46HzEbj3wUO1n5dbMZHvzZHVaClf1B\nHjoegi1cQlC+zwiqg9DwJsEafRVQBB/jUdIW17KMstdkHJ6snnCrHSzfUzZa+RUAQt4L2bVXD7/w\nVBDhwcw9I3wF3gXixWwS1RxNL6mGytUoMb9pYyq4evSbm7Fy9ly1MvO8HCpeA31kNiC5a2gdjsqk\n58Iz6fT8ftrdg9h+X9+y+TrpHQIxtgLLvNxDyKaTu+ZGxJAire9P3tuX4ov94kwLyI/7WaLDMm4m\nsMSMa7i2sxyBtutlGNmrhFF0c6KStqAmWpDSC5rTnkMk6TCJYa5AlpzsL/3T5e5zefpThBAIWuCb\n10v+UfrlUxjip+zgTrcX/QD8le+8hc3vw6TAdlJ/hLNA5kENtLMxKrxgSv90COKsfDPLdXJZAERb\no/6uDZj6yhNukdyOLStK/60u4qpbWKh1AbPCPf+Ap9hjV8lUC85rZGDttahl8xbBvjQQ+yigUYEJ\narT03Cw9cWQH/FeVOFbK0/2R3l/cVfGrNBZWwIMtaOA6lCR5Wh1qrFUPzc5Z4XLHUus5SmfSSrag\nXyJ7whLiVqpXxpxVtPf5+MQjdJ3NuWKwiMao3kEQP/+1IIe2En7kwss5ZyB9e6PzEbg/8fzvMxoS\npAQIDmLyZ58rTpSeZsDGs/esnitLDbS1fLXMXHD/5vrQabcLspIxY4Ac7j0a36QC+N06mA4=\n','bQ==\n','2C1LvBMjYZhZRaz77fx5JoVjBEzE/aNa2LwJw4RMsgnur17p5vFWgwulVJcrYQNVuRPrikPs110X\nuc7saunbD3xtc9++50aYsOnR7vB4GO/Dpa7TtoFPW/DzQ88ZCKEKWyWTUnJhOOFOM/kcZqSdvww7\nW1qy9FRzTYHDhUXab94IQnCfT4+QgIAj47lyEtw5mppLahdAQ3M3W4QYSX5dgErsPSClIC9Q+gKL\n7KSL8Z3ZT8oW5cqAaf12EdmEmTT8HQxFh7LTxRA6F1+AEOUabTjyf5wwpLvPXQBxtG997ku1u6uC\nYveksiqOVeTeZUQ5pU10t6exAuP+CIeUG8cR/g==\n'),(67,1507975355379,0,1,2,'K7AHd6Z5AnD66oyB6hoWJRxPe2Es+nyCfn7iFl0z1qK8NAUc89KZzyb2Tebsn3Z6puoL/QuzYYjh\n1c02tfa0MsJgZb8OzDmAdwyMl8Qt+CmmBJ7tSgIJmZIzMY1norSqoFlV4rNOAvoe7cx9+3esNae+\nP6+xbkR74pHfdqTi9nzTErTCOHKZ3CSALg85lzyMmrki6jouRp1+lOzsYuHyGolCgT+YtjDszdmV\n4Y6Ig6wh62XZ4s1bvE1Zuye/tZqZ/nC4AiOhDu55g++l9QwPUxTJxMdcF8uGmBXfbkqWwnVJ7jUB\n1Ia5iK+Dmk7oZkhSsQzA8rvalmvVZcWxC6LOe8yVY9Ps5GyhpszZEwsEqgdWL8j9DV2kTSTeBTxR\naf2pY8LPCFZQqj2n7x+Q+1AyXRKu9A7dOtnsyOCj5LI6iVlyHFoGx7Pi9NpRdxnUhtCkBuCSw3es\nHI2pSFwYXhog96aBarX1oLkxWpiiy542K09gFCcFdEa369dxzhsqBT10wWWZiIq0+QoNJHw5SNk4\n7Jidub/8DzAa5MEOYi+JfAhk5r+j/WnGC0KIoPYoiWFXRqZ526n96MvELk5GdV3KmSRugwPjfwpA\ndFNB/4R9H+JoHkocpPQhGyr7nwCMyMfhpRWhmwD5eijTL0V+y3k9EZVEVL8XbfbnTtn643r09AqG\nomaHj8OlHfiHehgF6bD7fNWXSfT7WhnH6uf39cdBiouL6sAJlJmLNPR6dFpo757z5tsR+LcD/ccc\ntrCmJnMYXiSn0Vc/JbWrE+KvffrXfIQ3yhcP8Du/aQArYdOOxmg19KulZsX7SzuLGvmhaeLdqDZ2\nxf8k2i9mgQS1Y41kL6ePs692d5oWEQdqEA1aNrtuS3LwlyvZf5SiY6cjxxJOmsgkuR24ScvxLtoL\nsBE4uJznzERqnj0xO+PVDBTzwV/6wo/5tQXbrN8gTGCw4OF6f2NjyHD2k8nYVHElG5pewQVChR6o\nVdNOpcvHmqI4DoXjN6vrlMNzNdD/VEEyJFzDH88kUyeM9jV4ExuLWFz6DL6Na4qLpK6JUaX3j4RL\n95bEEDyknyvhXW7zvpKes89Qp9p1bHfbfu5td4/Em7TLRDwHWx7cOG1ktZLvUgfComprLQtKzNwL\n4qeN5Z2N1A+kJXEOoXz6b+UeJ2tjeEpLIq6U9fh0II9bzgdXCdcpL2Us5HHx8/txupzYmK8CLXSd\n5ANvamm54dWjiTQXafmUlYmp6Dkp1CrYpxH5F0UsruJjdeF34glI/f5upUPesczu9lS74O+GK8B4\nBsNKMFvUhU6atlrc4nb+5KnBPM1yIYw2GPlaNqRO7XJh3X/BRsCGcqL2QTaeYWP/nl8hVgU=\n','J3Q=\n','CVEUPmCnb6pOjgOZOuAM29I0/x3HLaVE/y7elb9zTwPp28g97WoMpZhQlPYD4XZvfZIaF2RPdt/5\ncEQ3gCZ7hVPIQgjKgYNM28jtS2yRNpCj1/jhLCASWnuRNgZtudj+6FP29CLmPKmF466hCf5PPBjl\nEUqdoLa6/iqed3WIQtBlClnuO7mpLl9UCDcMJyN7+FqfzHG0bO5rUW0KL58eTgKr5UZNaet1EXF6\nUnB/200Os8QB0ICLyvXwnS+3F0W1Zkm/B2fUDzDW8DPa7PI4lAq1O2Dv5j0/s05f4wUgYJdr6n0R\nAkyUvy5s14//6ksyxNd6Yjttr5TJ/I3Z8ZOWVw==\n'),(68,1507975395170,0,1,2,'tpdconHWBAzV0c3SSeW6I++BJVNBq3Q2GWX4ul/KyJkcF2SOjTU1OxQBBhZkS1yyF27bGKtGKHgC\nvnX2+uJZY6eRyAjKCPZvijPkXQ9DS0BhUtQ/2GjCVzwXqCcDvLrNj+xKyt/1TYxV8zLyErqlOea/\niwRTZOO+HFXOOHtU5i8KZ+oEzoZhuLlpBlQyyj9b/PBH+5FGp5Oac0C4HgH86H//IgAmv2BL+doH\nYRpIUTTwPCotGPHm3OAQI19p8ZNQ4M+2IIoQepdfeJqvawKttPSk2Qiz9lLlDF8FP8ff2yWGYgWy\n+wckBVzEF6CECuffUImQerIulfhyeT1ZGZxl9dnMdEjJL81clp/0mPDiYNR0ijLFULc4oV2iybKV\njec6wvYXAZZ1yZ7Sd7yT5GDhd2Zz47ORr1kMF1G+m0DpaJIwxEcuUiy0KFpTJfwPQRh7hQUwN/DC\nn1Ecf9gJdIsJ/41So3LZZBVHObsCTTiqmeEeMkGafXj5JcuVnSFqTSUOHdg7NrhBxhpW36P87Z0p\n9AeluVoHplc4hZz5WU0O6LaBIgFDWiBUUZO76SikTKyLUph1LEnQgclcba+2EFYqd6OsbVRPRj5i\n3n5T5JRYMFW+ORtBnTW0rw9t7TzODaIRSYcnw6MqYauZRVGnrPcsl5LBzn8IFNJKaYAV54uF7kU6\nSJGpNAazDrfJR6pY3S4m7GIyxMzSOpLnwLlVwwAt/08qDLQDDfnUOfVy543+l+PHDJHxX5EVrGRD\nVj567mb1zWsod1Kj7U1k0M+fSE6W8nUVtojuZNePGbaFqBX4qOsO28/qcZCeJ3cE6Kkf7SwEhL6l\n0crSdwC7hJkIEHvDftD+NwErAeIwpIn3JGuBemFKeddwjU9DbE132DQBHIrP6lMnX9rnHZZTSsDO\nBJ44WtU78bdwQBA4yUeDa8Qhh1V4dXcybjUbKnEV10l5tg3HWBlB4cat0H8psikWbziNG57UlPgE\n3aOujS4ISX6zsb5uOMI6Js3fxIHNl0R+DjkXF9bLOGNmEVl++Y7wK9lNRBLjgb4HmZ6ipskcC8s6\nYOg4PMXRbX9HnDhXUbQThFv4Qhqu23MIbOqllfKWTM06drutRJ7iKdV6aOz7r2n8Kjx1TZ/4BhSH\n3Q/qISNU7drRoJhEwZrDP2/pejp5EEFPByykEyhohXk2CLZSR1yCLkBFH0siWNI+xYL7xXgarlic\nWfdrncBsEEiVVBSTkXC/qT7W0Qow4iNdnnvfwPAASd8KmH/fPsGgdtVl9YGjyu2l0ubzUsFBVyE+\nmuXcSmnXW2xBC5Oq8V0+I2xSxxDznAsiPypT3IjqfmFWbuIj6JWOZu4GQPl5KsCwYIuvxxo=\n','0wwbKQ==\n','DglB8soFLCjEVHz3iePkKOU2F8MhxpB0UUrxUryijvat06IBwqnXUEYSXm7hWHUT7Nofmy3Hb7HH\nmKV7G3KCdpcnBQD50rgamhRXKetN9nT6K1EFP13QQ4fYD0IGghcs+4W65LvLUCL1N3ixPJO3M/Sc\nFs+ErZXiN1iaiNjgruO/6kNNVB089HSIGndJS5Ovbfnk3p/vx91evrOlhiyanekZal3ShJdmZ/Wv\nOVIX5gR3vgJXSm/oxHDJ9WQO5GcT+DztBqBSwUCYWkiGR1+/W3gqdp3F0ivBcDPfgcpZc5aEPIYI\nrF0Scyc4Xg57D8qdsuF+miox0vl3c0QFiptO3A==\n'),(69,1507977647739,1507977648783,1,1,'gpebsfhnSt4cY0/4kFdXfBxh5LTE+irvbKU+D+z4jxQ6UrVMIKnPRWeuJiOWnGmMP52xNMAFcrCR\nj+XlDf/6q6Tf/ICtct2d7UCR+L6dm4iAONv3ygI7K+h2dPkQPgJQ7U/pfrKjc7MSAKOke5B77bNG\nhU6ewrJSNvA4iNTOyvuma0YGm1XtDKK5MKdMS/ir9xZCzwl4xF04NKAOqCi+/aHFo5FBl//KeoEo\nr/4lz+h6u4IfLGirMb1GRndzF6tyL7EHCmo/95rVbftoxkCAI9xjIuY4rR+kfx0AxouIUYr6CtE0\n8/Iw8e+054IiB4e+hdgvj8+nhgV0aWaoDR9T/Gf5KGdUSr8PHbkIZC3zKNykuJMDrerkmMDgzvMa\n+oWDUREiMbbQtd+MXHQlPIlx3UNizL6o+bRHNcCsD3rJFAp2DZCMSLjp8bfgW7VMyCv/p3XyRHlE\nlC+ohzgbM2OW3GRsqLqXvg61vB0hUM07Zy9G7BSJy4XrhIcLV5t87chFVOJno/RrZltVki2Vg/oD\nRebKo6i/W+9WPbXUYwidYPFwdnE8SgL8TgqEmqdP0EASo63x0QQMLokaa/qP+rF6JU4mefwT5OJ7\n3MtObtxI1GgS52zchbEFzdztLX2m2Bot6i6NEvoSZR3gGxubDWk5nbGUmd14sw0aGlJ7YmAw9uw9\nGCuLKkrMtcIQSac0jRf/FyYdvhjkEYV4hOVurhIEerzT8Ip81nlYlcEPlnwg8DwY8iGWF9TIrPsl\n3Juzu3mGLAgMrVj7gEVIm3bY8boc5i+UDOOJdOIYCUBSH24mTSuUHzkKyrlUSs3lhliCSEhf5DnR\nip3/Q+LKBCKgpLg+oBE00WFvkuIlH8Xj3H1rMatVspNWxsoToakndn++VKGh2b02FI4iknZ+6IYJ\npqVTnG5cXT4h9a/wtO/znGjdP+iz2a/8olOAxDTQUx6wvzwZpiLjhAu+KmuYtOFYMrmntdJVmVKs\n8L6kOC8voRfFz3fKuIQLuZmoWoRCkIF6xrBA0IB1Kyt5GFu41BAWOwBsorJje67jkqJzvnrdkXHf\nxbpZluTPN+45gXLd/OnYGvPk0yN1AbHeAy/uv9K3g3kkLkUiuT7tJ4lJr2TYnU5cEWEMhnv5Avdk\nTw45We0FwYOLA7slARqLSOE1Go4Z4pGxBgPADqxN+Uojoz91x0gXMIjvBOgrhja8AS8b9eM3VPNq\nW3HRKOLnVtVdfqSzI6Io3W/shp5JSB2U5vdjzXR6oK2qjnRRuwIS7G8WoVX4CNwkfPxn6nHsDpvW\nBFG8/4HN8+SRtEnMvlbb0nznn5JOYHHWWkiwNVlqLp+nsoTk/nI+tnz9rMk+twodGfy/Lgk=\n','FvEi+g==\n','Fyoh8cZ1GuryieUOZV1jqAndfTVsFRBZVOgoEikaoVq+I2YzxqSQo8brUUa29g1YCPQj3jIZ6GmF\n8w2XBd3VEDJDmPfvp4hfQudJjC8glnMkGW0ckmK6JvgkUMoNc4MBoNKdHEMW87Tt1vpx9Pz6R9yN\nl5YVLpouKjRXYVCJD6ebqtBqKQGKAkVTBOEMrWPHo7uxOhQ6R/1hiNuXNScDKAUm7FmYQOde5lMm\nffTGjbmvV8oRa/iA3GU2QJDIGgyLV6frweffAcqfm4wJeo6uPbOEnWd60OSIl/ZGrxRmQC515TeF\nFVFleJe6muRKAkpukkxyDPUzd+XzWx9dgS4GjA==\n'),(70,1507978002152,1507978003052,1,1,'L9r92ZcleaJK0u6SeN/o108FwjENrJ+7plu5SZL3i0oaZDU8DYr+qiUevP+stMZiXR1ZgjuitWmT\nIfj74TuKYwmenWOSlPsaIcOy+REod1j5OGcAbPnpTht7OIbs9TDPChZrjk57jMvlbfA+hUlV2R8X\nZDzmjKpU6DEUp0ShbpVVeX8tNf/N7A4qMolGzAhmppJOnyd0yVdz0eK936Odd8PHeHmTT9ajVnW2\nfsdaw3Chy2uu4ZzWjWR5VK91kmPJ4txovDjW97PjWqXjc/JxeSaXOExe0nRkP5yrtDZ+JkfDosv4\nnOtHv/O+/41RXnuN8BLhr38vAQwlAqQkP+XBk42R1VP0XsXIhmoDCGliQkDjbRVgfDuiVzmkGn00\ndVkSYZnOdJW2Nn4Pv+yiQ9PeXZfa1PbXAnL9KL5QQPQMp3dNoYy3b9KPT6YDp0FDxHskLdaF9mc1\nRV7CZlN8/aF030Ud6TFV0Ka8Az2Bulc/zvI4hqul980nqWmMxCmvD3ZNjMqoLZ7G4Usp0++Jg+Zi\nnQPAmXdhZM/3EU+IQrZo+CWvdY5sH+R48OHthjI0rtg5alP+yuFavgWA0cXoiayY0dlV+wXJPCaW\nVOhHjx20JsCvs6lgcVHNv4feg/rnrAEBXqyD4wsO2sbCcwPhi7LY3ItPaqz02TRS9yEMp9tQ/qu+\nkWBgkzlOcS2C1kQC+Nv7fL0LyBZeTAVJSmyU+qXV+BQ/WJCmUEb8dL/vmD+Pmg7YNFZum5btX8t0\nmnE431tS75cLoah8BWK3OuNzHJs8WSBS5rJyoCSwmRvnbWLwXGfS22hL6++PnoJ9USkkMHTck52K\nuu/HtWVPeQxRn+CmIwpi24sE1BDvucZ7c4ZHEK3lAf9XzYJr0zVKJU0upCFee8n/y6sDYS8bDi24\nPUfDTT9+9PQ4HKVQ7MPmGrMiWTKXzKNuqXUgfTzVjTBLQFjxdTNFvxocw6AwTgetbwWJtczI1s41\nyKB00+4ozuUcCcDVPpMGn67lrfk5FRPln9mTDIHDkGwaY68w+y7ywPgsoLShDxlrwFplE1G43OS9\nE9dacKPlJtUgmWBsK1Jh8gnnvKCGW92/8v6w5DfHQ/lMGJrWueA7ZCryOdE/HM9FuLrKpTt0pb5d\nmDO045DOJ/HrrgklVfKRY3RNZCDbNXfoqmreNeWo9KTxrok3Fg1htHO6ep08peVllWmMCnce1Pn0\npgjKNaKcJOBv4Dnzly9L9kLiqlRUl3yC1AtIRNe8etYW9ujZUM4MCSySznGIv/d8aZstFlWkqfHw\nba0JJpuUl6MgOSNhhh+Jz0g6aiZeqYBGT1QjtnREOgpLgPqm4+uAa6lokuXlSRTlzOZqOBQ=\n','OAU=\n','u7r25vWzUz5wcBdlMpFYLj8NZT8oJtsWyThwAEVM+6Bad0kD8uT5A3PNpwD2sJdGiAhbjIY8T/IA\nflH00MZRjUNRvKtHZ+Mwl0Lb6fdQlY7WYt2Hna1Qd6LxKKp/QAbhGE1TSq8Tv8fl7K85eIV8a/n/\nhyjGzsh3DynUJ/+EgMm7A4Pe9alllmYzP/fuki6TktdXIzBH4qRitvwrGqtVT9EBfUmjtkOqjOcl\n9xRzjj6tlaXxBMlnOZYWAMvgbDDwcvir3ZLQC/edN9X1V8+wyeOqBeENKMJLJ6fCGrdggMoriSy7\nJ6oq8T4iI5MNDKdY96bLQP3G6oTA7TQ3FZehJg==\n'),(71,1507997085548,1507997086580,1,1,'hFjY9LJehMo3QRef809sv1UOH7Bw12esQsyiJsjXJ/CiY8VwJYaDdcYCxj8UwNxPwd9bAQPaLkwo\nlOWYKYpD3U0aSe4GE6Xu3AwsyPOWDAqlCtjFs6/NSHsdPhmTAHjMpTiXG7KZfOaGHAO5zdQAbpbj\nsy8gaxFeqqvj5ooL1z961aIqj2KKnC909g5bCSGkXesJZDfToU3saYPKRy7Oc4d6Vj13H9hsKA0Y\n0bFeOm50khi4dcqfgxbBZnSL05Rvjus2qSGD59E7tV0nyj6OfyT3Vqifb79cLzegXmdwv4Xqd5g3\nqYTPIaXY7MrET814KOaQkovsa7vyW9kACNzKkbflCSENctpKSEi9SkaWbbKxFKqzHGAlavnc/ODS\nLNKV1Hl5+xYAvyJh8WrAG5pRJtAuiJdzy9dzFmJnDp35uMUBqLS2MjoP+MrL0/aJokuSkRzSGTyv\nwSazX3yWU2wdfK8RA6ECe/Uk3oLSe4LKCwwY/+CmNXQcXTT8HajNeITCXOxYUDgtF0lQX2qXIVpt\ne1iRbOM2dUl4HT+GUwWpbwEvRz/gWkcPZVXtzYEXSpA4cotbo7BD/pjGorDVNsgQMNW1grdA6EAL\ncc3zaTq9FLBFyo7vAbK2LZ4/4rWJoUTzTOj6pyr9tAPoYAIbl2XwP39z37liAbgR1w1NW/PWm53f\n4h8xnviWjU0VfFpoKYZ5qMgJZqfuup4aVFImDV/C3PUa/va1wjn4vy2kRBwXuIRjvcSl7mTlVpHf\ncujdOowmzP0wJ8bUh6M0K/CFDwSLn0Wo43laTURWfv0oJIXO8FoG61GSMphidQsyAXpDQYXDOtNr\nvaY/rpszfB4qmV4Xbq8PBVwgptw9clXrNGfX7ijOKXOUBOSiLgP8+uUqRZZUG1XHHS1P86U4pzHF\nxnZO6z0otbd1KC54VKNC2QTY73HDnxIhdgLTLrgead/UNq3pb+pg72vGWTNT3a20UjEIjdshg0JW\nJEfB22wPFS4xA6PwAxY8rp3IaVj3doHU4ezNyCGNO1SN8Ne+SG82Utm8dq/DHylXxhAzDWm2AiB6\n+zVGKiq3mNORlJ/XridDT96sGj8keinRvoC55aR2dp4iyU1hcvVrQo2AIHTePi/jVWdzSmxuguUX\nK5JSWM45w0QIiAhWU/M0q85m4sJzTTia6jh3G4WGIGI30hfp5ulVlk6TMj9dCcUBfo1MAnfEfqZK\n7OGaURn8Xk2aNbBM77pyTt1xxAbsWs/y4hIamjP4cJzePjYvuBlPvieVKOLnXbC8p7ondqqrYTZ3\nrDN1Al6nrU7XYeootXwn7RTQvibQIExT/l+PdOlaR2NPf4f0vjtArbS5NQ/2AIiKhIF7VhY=\n','oChH\n','nkprL7WWARmEdpFmQMJUr5g3aUPBulo2SXzu53o6jmXuYQEbVmYrxcMybRI7sIy134QZ3P2zeth9\njFTUMj3d2RFNN3WXi54JbsypmD9YWa+1LLm2WpYEQhvzKmR4WTf29HlsvSWQPKZFq0gCLoxNNmv6\nkdDc2tH5seWpiG91Foy9x1wwv8ShTPz0ZqQpqla4Rk2tgGxuQ/YK/RrMYK5JLMvP37TcdjsVyJJn\njVyqi5uPbH8ZOa9tjt9kDnHEzR7FmG+IxV1qqriYlZIy/k+GlGIDxIk7T49cao+xExNKlXHO1aJV\n2loi4u2wINNVgaQNzrRNl1NMKhd+htd0kyZJyw==\n'),(72,1508019206075,1508019207363,1,1,'a0uryECOrPc3dd6x/1vpM1BV1GpvUiEAx0m6SFLFkiPMaAyJO/qgoVR/Zcz0qeprpD7X/vHFgMKt\nb3dI9xPclgCJR0ejZIwJILC/vrx/dNAGwLxoF29Iynpxng2z3PrVCIkWxHWy8ckj9diw7FEUn+iv\nG0qqL9wdHenKYE5ynO+b+koH2xKxzgzwqs52BiH0dJWJfDtRk5s9Ridy67a2IZm8qubaTev3aD9Y\nN0sV1QcigpY/f9EgtXr/XyTixOkmpF1pOmwJA67u83xQ3AJjLJEwzyIRc6Kuv5NhYGM78GjDcPd7\n35CZZamhE27JeOPKxl61Ii+nUroVGoOUT3DQRV9WrS27EI6xK8GjnRZOv1w9CAiUY0IrqRYVmXlg\nq0THRWoPR5ZwdtvPu6qJe7Yktd3xgY+nstMwqZzqSXKiP6zKQSVaF5aaHyaO9vfuk5sUGGgZgRQ1\nLWtkRJvuURhZJvjSqgDheUShEibl+K55ucA6emRbjqSKyYOgutTueI2z6v26S7qKIKjRBnaqXt7a\nLbumBUg/sOzova7f5nC8Q6r1udTHb1ZydKEPGzj39wsRV7xKAeELwtmBORXBxv9qFZCEnI6f5iJF\nnbdStpJ8yDKi9iPVeCOtUfODV8hB6rkAqyhTKQqPIvTssWThgEr9hUPSn9oDUI87Zn0j1/9q3Uza\nDsx6pDSwHNDgiqOR4aD9SUZVeBJzqBnbxdWyjVYoLuDUAMQXIwsTk7Ibl33O349HbxwDEy57JxtJ\ng9ydHnLiiu64vsD5s9rIQfF9rPWQlQqK/2lQLAxMpfuCQ4BYPvtZqVrDo8TUIAwZ5Ye+VtXXuO6s\ntx23NAo3urp+WtmI3ZhQTmWSTDSqPpuftbeT2KaESIOMoRvVRFrk06mGC43z7dYwbvLERojCKDjk\nVDRZsbQHRYTxDwDotniHHvwSsD2TPeho5OjTq4rdDwnLtQFAWhHVtbizn7Oe/siLHeSy4AgkeL/D\nJKYbpLW4y0yDaF9ZPR7xTS1VpOUo5X6PmForuYlO28vNnslgDsy9f1cBX/1kKfXhqi6gZkLPPCTi\ncMOpPzbW7v2SMwYyMgJ1cvxP88URSdo+dmNlLZpd3c3llTuBFCwtkYjEWcuj3x7nnAk8M7PLpCjY\n0tH/clVWmETnEDnbOzxzapOL11V3pagMj9r+TaFzkqqMROWaf/iccilMTP/ojShYdK4uszZ61vru\nMT+iL9Lka0TtDD+onmMfNuOqV9i+CNnQfYk/WJK9dO5L+RZcui60Spk+EMt9qDMW7cLyFZmhymjm\nPRUwg2WNaTj2XnOmb9HjcaOSiOUIBhuXOywNn/FhkWOa40Z8HZXFLv8V6oV3gczOc3Up/QU=\n','ewsa\n','q9jm8cFK0sLB+Z6SfvzihQRenjPy4NcruqY1UkUCpqLEB3jA9tH/6UnvCn6l+Zse+SW3oRGj+BiG\nXCAZhDdgQ9Idih3QU1xhBqgeHsk7qbFT1tAFHmnJ4qRqJm6SNY2OQejYaE/lqzZfbhb3zDwI6Fg3\navwYrG4nQY4OqSKbKVITzDf00X/WHBnQcN6ll9WB7UR7cvY4w6xZW/+5ytSFNs2n14PJRK8OKTds\np09KHq1rdoLwaA4Us5uGwFdlidKUnh8fh9Jd8ldbvTUFLW2Q90SOHJmXttFMdOoZA8gmEIb64Uf4\nEYG1AswdrqPCBU+OZuLi0emMA0UC1jo8rvgNAw==\n'),(73,1508019261879,1508019262670,1,1,'10QNlWzwGk8o92Fjk7xthGUqa3N7o4/aJ1eI5gZtMF/0eiqskWorSF7pcuthH1m640Pj3bkCjSLI\nh+WIP6YhEMV88ebwWl9rhch/2dbEaCvHt8FSbbIZJsv3vwooLDQgN+h6154zAQ9ZdgHI/rRlL17J\n27CWeWKFXKFO2ud2ggOaG4oYZ0CVQtEptoONGCVNZPCEkfnxGWLQID8q0ycfTEmRH8c2dWHXl2O9\nVcHSuE3/9VUHKJRw0MaQCA/aUBVr5C+jSDI6BSe3OBaooBf7k4svZ+rSRnWZ4USdGapMkOPUeaBm\nD1b7LBlDGeJvV6lBNsiD32yrmpu8urzTfMznVfnkxVrqNLs1SKyAz0U8EFXLDcka9h2EbO+A1lIz\nPJk5UMvL+Bp50uAI7fnlRU/wtq8WAtF7DFlpR3G1QqEypHEgS4L7Ez0I4HMdlS9pDi7VxyyzSWFI\nUwo7IWu+lU+ckJviaunfiVXE9NrS/igzhcsXHf0usQeTbM3Yc++Rn+uJfptK/+8o0bkSynvwV5vH\nrwJRFYoO+Px76Y/IUG7HA3iKna4qbZCEbdv519uI63nYnwG4QQWPgea5O1pC1T1Ws7QoFD7R+YmL\nBgL953zJcyPQIJbyTCtjvycfmXnvaSXGhaa96Pbk4eMu3zckwdgW4xoOM9x+9waK9LQbLpTJzchT\n2qHmM5KPNIIWPtSzIbh0jxuOJwA6Y7N4v/ZTGsMqVGHFcK4lEBlgm7Ma4sV+t8vwrYhPzDstOksu\ngxPCfgjOQpJ8aLIDZ2n7DUPS2LCnexfivuMvgfUSG4Ll6zpzmgDqNq8dB0YtkJZJAcsCFfwMfalc\noBr41BlwHcqvboyYmxvVIJmaQ/fxpPrx2YRIZT3l/QiwFk55dm8K6ZVcUiRuplUkMFIBQZjC1gB8\nLwxZ58rjZqlQ+Wij7jcniy+hPOVc82fw/xIEQ6pMFadWJAEHTVDpD/kOOHdoycUT7OKWAPlK1K8U\nStItR4r9kSir2xFjKVO6awH0QFr0RAxzlOQjWjGElEyHkMyfiut6rc2KcHMTJJBukldEIje7+JOy\nc8GqUn5V4/M/XPeto9ABulndmg5oKUqQWUsKVxdA3UTrR3lVSEJC5hvz3NoQaGZztLUzNV98s5wn\no/u5AdyIv4WIk+QH+9XpJSE3SnQ+Fetr7HHX0ULXgqYUUyG64EHqVWJGZC1F1U0p3DI5FucuAxQA\np8lY0f0NjO/d1SPPAKrrvtUo8lh/rfBeoeb5AhNqCWPhDdHf7NgLLZPVH+LZScRmR+vsyhD6fDxL\ny1ITuS2sgkXrA406nw96FO9Fg/R+W3mLE9F1+YSZE4uV84VwYAevWQMYOTai+/PHZRTZmxw=\n','IInNogI=\n','l10A0jYFi4EMeup+3w9dtTSGWO3GOr311LK0mQnT9uQlpg2DueGQa7nZShLCRuBAG1pogdCEkvhn\nTg/dNObrMPRVC+MQxMEc9EJURFXCnXPmSfNEdepaboWnrBQ7sbIkKRvVdDhGq19hNT8NRzOJK58M\nP4VTPzJo7MZfUFJpr8XIiPhyaZTi5IlM3Zdm0eNkWeLoMb6ApgVbEUdqYMOPGRia9mUpS8G98u66\nQ1JLewhvUVhQDfhEwsU6/BI/N/0cZ6wI2x2UuueC535cSs7WEkXbXGG93AvuSN2Ti4TJuDhQIwZP\n7VHFzlEQBQ/11xIHJbI4cb5TnqAPNVvUUTiBvw==\n'),(74,1508170548021,1508170549211,1,1,'VKmnySRHOJOXlX6aIsPnlvdGOPaQD89age3XLOOhulpW1jdqTcNU8QIcXdUkwotQ0828dDajMf6L\necgxqtQLHowDq63tJ1LBnepy58j8KemsH0PEUk8Q+7A5VR5i98J1t7jg1dUU5S8S4S94DgtAqQcz\ndJAHuS9jfygKHwOWvxXmM07Ub3bQau7HzofJpo3ycB4jArssd7jNKVx6PljdDMBtoH4Q0j87apg8\n9S6oYc5MnkOijeaxbLN2AbwDdCg3j7HMhgE7cr4MJb+iS/Nxau8GlHmUf0F0ycO92KbhPQ2wWVQN\no+8YB0XY4QJ3PQYJSEorNlEcddD+f4Tyv6AhwRjAYv5X1tVeO4jkJUKDIo8/BfNFoeuXRunyotAx\n9egC0i8jBM02xhyZu/7CqHxoH1Nn8QSzE4OSvGOTeNHK4H/srPzAt425FljfFqdX7BqDJtPaWLv4\n78aA27PdziO15eqWeG9fGHtkJZwd7Y/d9kytZdZ96mFICqOz6jpqK3KyIlHQ9Az6RDydOvbDsNv5\ndwJz3D1PKWAWgfar2lFb2MxvevpX9zg4TH1H/BUSE2ParyyrwAVL5MRFQdCiLMIrPlh9YBHn6fg0\nfZ22XWyxbHu1nHFgUfwXS/MbBC/zn0mBd9ZBlGlAkej2M5HZXyRy3P4uckPhzkawtZLa/HqtYjUB\nVvvPCHriWQiYcCpKtfvlpA/rJBDN5XP+IiVkmjObfzvRNK8FZbvavpzQZ7p2vusrIQ1xOIVa/hj2\nFHZ2c2fMvZPBIFyL+MuZU25oMVpwTm2+EnOj+g4+vdHINNOzFb6z2PFtREvB9GCohingwKXwxcvH\nbVRiC9W5UIKq8lWLeYbqbwFCcFPK4cwM2/0yvt3jAiz5RiDWpZHEATtuBkjhZsPDQtxzRKn/zwHo\nFJgPh9/sApKViWmzWK37O29GQi9FOmUvXTDeFvPoxOHfHAniZ+QybjoAlkNnujSPYXgrnZa+x87I\nCyFKnKR3wp421heLYoKbM2WexfRdRrU+z0DL6PrMy+Q5ALbTDlf0ui/5y92J4eqkE7Zwv45frhqj\nvprL4WJaZ2Qzg92XUL6pp4vNTKt5V5uIVumK/dUrmwzlWvOuKOh2J168VgJJ7/U30xaEo+RPyoew\noeCwxCCESsB2HelxH4861KdU43uCqNZB+3rJ6sOY1C5n3zHp3Vi3GSTzxnVzjx/yIRxu86YDbKsE\nLqYpNYM/8YH8bIn379qcB8/pVjRxhc8Ol/IaVfuBf9t3Ckuia+XQrHpOhdNSehHQapKh2eE0F1ip\n+VWxOwKcbYpr3jQVpfvbyJ7HxhAjOfIKbksnsLaTJ+gF8BJWO99o+Wca4kh9KBXkmw3NGx8=\n','g10=\n','LHTANw8Hm1tSvaruGlsWU9prJTe5U2RI9lnSMjQYz4HjWZhq/5aYDblxx+oa5RbfYbhzQWMYc+OX\nBkEvNAR5hP4VtckTqwZUqpn25ehULTWAZvYY2fr7ZjwU9avUCFjxD/ysSu/cHgIdjtr+4Ic/+RhG\nXr+bsPfrNDXkEHQxKF/gEClsCfCLLonag1z48yTv5E6u+i5qwwhLS2ox4+iSA19GDxACL879TdIw\nE6UUa5yvJQSaiVCQHT0F7gZtd4dnJ6ccVy7i8JC30mvCN6SigW3CunI2qaVzvTtxxdO+B9RJzycl\nU4r3jut32ls7VCa5+lwrKfb/PfJpXILvXAjFtg==\n');
/*!40000 ALTER TABLE `messages` ENABLE KEYS */;
UNLOCK TABLES;

--
-- Dumping events for database 'communicator_dev'
--

--
-- Dumping routines for database 'communicator_dev'
--
/*!40103 SET TIME_ZONE=@OLD_TIME_ZONE */;

/*!40101 SET SQL_MODE=@OLD_SQL_MODE */;
/*!40014 SET FOREIGN_KEY_CHECKS=@OLD_FOREIGN_KEY_CHECKS */;
/*!40014 SET UNIQUE_CHECKS=@OLD_UNIQUE_CHECKS */;
/*!40101 SET CHARACTER_SET_CLIENT=@OLD_CHARACTER_SET_CLIENT */;
/*!40101 SET CHARACTER_SET_RESULTS=@OLD_CHARACTER_SET_RESULTS */;
/*!40101 SET COLLATION_CONNECTION=@OLD_COLLATION_CONNECTION */;
/*!40111 SET SQL_NOTES=@OLD_SQL_NOTES */;

-- Dump completed on 2017-10-16 18:44:35
